Hostname,IP_Adress,Interface,Description
,10.10.98.28,Authentication failure,Cant connect
,10.10.98.27,Authentication failure,Cant connect
rAWMXmer01,10.55.255.208,Fa0/0,
rAWMXmer01,10.55.255.208,Fa0/0.100,"Connection to sALMXmer01, VLAN 100"
rAWMXmer01,10.55.255.208,Fa0/0.101,"Connection to voice vlan, VLAN 101"
rAWMXmer01,10.55.255.208,Fa0/1,ro=wan|ty=mpls|ca=verizon|lm=NA|cid=C0126400|bw=6|bwu=6|vl=NA
rAWMXmer01,10.55.255.208,Se0/0/0:0,
rAWMXmer01,10.55.255.208,Se0/0/0:0.100,DISCO - Verizon MPLS VPN: Baxter; Site-Circuit: merida-yucatan-mex_w0w04709-1895628
rAWMXmer01,10.55.255.208,As0/2/0,
rAWMXmer01,10.55.255.208,AT0/3/0,
rAWMXmer01,10.55.255.208,AT0/3/0.1,
rAWMXmer01,10.55.255.208,In1/0,
rAWMXmer01,10.55.255.208,Vi1,
rAWMXmer01,10.55.255.208,Di1,Internet Bkp Telmex CID#+529999192428
rAWMXmer01,10.55.255.208,Lo0,
rAWMXmer01,10.55.255.208,Lo1,GRE Loopback
rAWMXzap01,10.55.255.176,Gi0/0/0,"[INFRA] Connected to sDLMXzap01, Gi3/0/3"
rAWMXzap01,10.55.255.176,Gi0/0/0.203,"Connected to sDLMXzap01, Gi3/0/3, VLAN203_Infra"
rAWMXzap01,10.55.255.176,Gi0/0/1,"[INFRA] Connected to sDLMXzap01, Te1/0/1"
rAWMXzap01,10.55.255.176,Gi0/0/1.201,"Connected to sDLMXzap01, Te1/0/1, VLAN201_Infra"
rALMXzap99,10.55.255.178,Gi0/0/0,"[INFRA] Connected to sDLMXzap01, Gi3/0/5"
rAWMXzap01,10.55.255.176,Gi0/0/2,ro=wan|ty=mpls|ca=verizon|lm=NA|cid=C3020335|bw=100|bwu=100|vl=NA
rALMXzap99,10.55.255.178,Gi0/0/0.203,"Connected to sDLMXzap01, Gi3/0/5 VLAN203_Infra"
rALMXzap99,10.55.255.178,Gi0/0/1,"[INFRA] Connected to sDLMXzap01, Te2/0/2"
rAWMXzap01,10.55.255.176,Tu0,GRE Tunnel for mcast to #0016 Deerfield (ded15)
1_Infra"
rALMXzap99,10.55.255.178,Gi0/0/1.203,
rALMXzap99,10.55.255.178,Gi0/0/2,ro=wan|ty=internet|ca=alestra|lm=NA|cid=1-1OJ60NV|bw=100|bwu=100|vl=NA
rALMXzap99,10.55.255.178,Gi0/0/3,Python test
rALMXzap99,10.55.255.178,SE0/1/0,
rALMXzap99,10.55.255.178,Se0/1/0:0,
rALMXzap99,10.55.255.178,Se0/1/0:1,
rALMXzap99,10.55.255.178,Se0/1/0:2,
rALMXzap99,10.55.255.178,Se0/1/0:3,
rALMXzap99,10.55.255.178,Se0/1/0:4,
rALMXzap99,10.55.255.178,Se0/1/0:5,
rALMXzap99,10.55.255.178,Se0/1/0:6,
rALMXzap99,10.55.255.178,Se0/1/0:7,
rALMXzap99,10.55.255.178,Se0/1/0:8,
rALMXzap99,10.55.255.178,Se0/1/0:9,
rALMXzap99,10.55.255.178,Se0/1/0:10,
rALMXzap99,10.55.255.178,Se0/1/0:11,
rALMXzap99,10.55.255.178,Se0/1/0:12,
rALMXzap99,10.55.255.178,Se0/1/0:13,
rALMXzap99,10.55.255.178,Se0/1/0:14,
rALMXzap99,10.55.255.178,Se0/1/0:15,
rALMXzap99,10.55.255.178,Se0/1/0:16,
rALMXzap99,10.55.255.178,Se0/1/0:17,
rALMXzap99,10.55.255.178,Se0/1/0:18,
rALMXzap99,10.55.255.178,Se0/1/0:19,
rALMXzap99,10.55.255.178,Se0/1/0:20,
rALMXzap99,10.55.255.178,Se0/1/0:21,
rALMXzap99,10.55.255.178,Se0/1/0:22,
rALMXzap99,10.55.255.178,Se0/1/0:23,
rALMXzap99,10.55.255.178,Se0/1/0:24,
rALMXzap99,10.55.255.178,Se0/1/0:25,
rALMXzap99,10.55.255.178,Se0/1/0:26,
rALMXzap99,10.55.255.178,Se0/1/0:27,
rALMXzap99,10.55.255.178,Se0/1/0:28,
rALMXzap99,10.55.255.178,Se0/1/0:29,
rALMXzap99,10.55.255.178,Se0/1/0:30,
rALMXzap99,10.55.255.178,Se0/1/1:0,
rALMXzap99,10.55.255.178,Se0/1/1:1,
rALMXzap99,10.55.255.178,Se0/1/1:2,
rALMXzap99,10.55.255.178,Se0/1/1:3,
rALMXzap99,10.55.255.178,Se0/1/1:4,
rALMXzap99,10.55.255.178,Se0/1/1:5,
rALMXzap99,10.55.255.178,Se0/1/1:6,
rALMXzap99,10.55.255.178,Se0/1/1:7,
rALMXzap99,10.55.255.178,Se0/1/1:8,
rALMXzap99,10.55.255.178,Se0/1/1:9,
rALMXzap99,10.55.255.178,Se0/1/1:10,
rALMXzap99,10.55.255.178,Se0/1/1:11,
rALMXzap99,10.55.255.178,Se0/1/1:12,
rALMXzap99,10.55.255.178,Se0/1/1:13,
rALMXzap99,10.55.255.178,Se0/1/1:14,
rALMXzap99,10.55.255.178,Se0/1/1:15,
rALMXzap99,10.55.255.178,Se0/1/1:16,
rALMXzap99,10.55.255.178,Se0/1/1:17,
rALMXzap99,10.55.255.178,Se0/1/1:18,
rALMXzap99,10.55.255.178,Se0/1/1:19,
rALMXzap99,10.55.255.178,Se0/1/1:20,
rALMXzap99,10.55.255.178,Se0/1/1:21,
rALMXzap99,10.55.255.178,Se0/1/1:22,
rALMXzap99,10.55.255.178,Se0/1/1:23,
rALMXzap99,10.55.255.178,Se0/1/1:24,
rALMXzap99,10.55.255.178,Se0/1/1:25,
rALMXzap99,10.55.255.178,Se0/1/1:26,
rALMXzap99,10.55.255.178,Se0/1/1:27,
rALMXzap99,10.55.255.178,Se0/1/1:28,
rALMXzap99,10.55.255.178,Se0/1/1:29,
rALMXzap99,10.55.255.178,Se0/1/1:30,
rALMXzap99,10.55.255.178,SE0/2/0,
rALMXzap99,10.55.255.178,SE0/4/0,
rALMXzap99,10.55.255.178,Lo0,
rALMXzap99,10.55.255.178,Lo1001,FLEXVPN_LOOPBACK_TO_CHICAGO
rALMXzap99,10.55.255.178,Lo1002,FLEXVPN_LOOPBACK_TO_ASHBURN
rALMXzap99,10.55.255.178,Tu11280,PRIMARY_FLEXVPN_TUNNEL_TO_CHICAGO_rIWUSchi03
rALMXzap99,10.55.255.178,Tu11808,PRIMARY_FLEXVPN_TUNNEL_TO_ASHBURN_rIWUSash03
rDWBRsau01,10.70.255.17,Gi0/0/0,
rDWBRsau01,10.70.255.17,Gi0/0/0.201,** to sDLBRsau01 G1/7/48 **
rDWBRsau01,10.70.255.17,Gi0/0/1,
rDWBRsau01,10.70.255.17,Gi0/0/1.203,** to sDLBRsau01 Gi2/3/48 **
rDWBRsau01,10.70.255.17,Gi0/0/2,ro=wan|ty=mpls|ca=verizon|lm=NA|cid=C4008377|bw=50|bwu=50|vl=NA
rDWBRsau01,10.70.255.17,Gi0/0/3,ro=wan|ty=mpls|ca=algar|lm=NA|cid=19178|bw=100|bwu=100|vl=NA
rDWBRsau01,10.70.255.17,Gi0/2/0,
rDWBRsau01,10.70.255.17,Gi0/2/1,
rDWBRsau01,10.70.255.17,Lo0,** MGMT Loopback **
rDWBRsau01,10.70.255.17,Tu0,Pim Register Tunnel (Encap) for RP 10.128.255.120
rDWBRsau01,10.70.255.17,Tu1,Pim Register Tunnel (Encap) for RP 10.128.255.128
rDWBRsau01,10.70.255.17,Tu2,Pim Register Tunnel (Encap) for RP 10.160.255.22
rAWBRsac09,10.70.255.114,Gi0/0/0,to sDLBRsac01 1/0/2
rAWBRsac09,10.70.255.114,Gi0/0/0.201,to sDLBRsac09
rAWBRsac09,10.70.255.114,Gi0/0/1,to sDLBRsac01 2/0/2
rAWBRsac09,10.70.255.114,Gi0/0/1.203,to sDLBRsac09
rAWBRsac09,10.70.255.114,Gi0/0/2,Algar MPLS 50Mbps - Algar CID: #19180
rAWBRsac09,10.70.255.114,SE0/1/0,
rAWBRsac09,10.70.255.114,Se0/1/0:0,Voice Circuit #11-5694-8500 (Algar Telecom)
rAWBRsac09,10.70.255.114,Se0/1/0:1,Voice Circuit #11-5694-8500 (Algar Telecom)
rAWBRsac09,10.70.255.114,Se0/1/0:2,Voice Circuit #11-5694-8500 (Algar Telecom)
rAWBRsac09,10.70.255.114,Se0/1/0:3,Voice Circuit #11-5694-8500 (Algar Telecom)
rAWBRsac09,10.70.255.114,Se0/1/0:4,Voice Circuit #11-5694-8500 (Algar Telecom)
rAWBRsac09,10.70.255.114,Se0/1/0:5,Voice Circuit #11-5694-8500 (Algar Telecom)
rAWBRsac09,10.70.255.114,Se0/1/0:6,Voice Circuit #11-5694-8500 (Algar Telecom)
rAWBRsac09,10.70.255.114,Se0/1/0:7,Voice Circuit #11-5694-8500 (Algar Telecom)
rAWBRsac09,10.70.255.114,Se0/1/0:8,Voice Circuit #11-5694-8500 (Algar Telecom)
rAWBRsac09,10.70.255.114,Se0/1/0:9,Voice Circuit #11-5694-8500 (Algar Telecom)
rAWBRsac09,10.70.255.114,Se0/1/0:10,Voice Circuit #11-5694-8500 (Algar Telecom)
rAWBRsac09,10.70.255.114,Se0/1/0:11,Voice Circuit #11-5694-8500 (Algar Telecom)
rAWBRsac09,10.70.255.114,Se0/1/0:12,Voice Circuit #11-5694-8500 (Algar Telecom)
rAWBRsac09,10.70.255.114,Se0/1/0:13,Voice Circuit #11-5694-8500 (Algar Telecom)
rAWBRsac09,10.70.255.114,Se0/1/0:14,Voice Circuit #11-5694-8500 (Algar Telecom)
rAWBRsac09,10.70.255.114,Se0/1/0:15,Voice Circuit #11-5694-8500 (Algar Telecom)
rAWBRsac09,10.70.255.114,Se0/1/0:16,Voice Circuit #11-5694-8500 (Algar Telecom)
rAWBRsac09,10.70.255.114,Se0/1/0:17,Voice Circuit #11-5694-8500 (Algar Telecom)
rAWBRsac09,10.70.255.114,Se0/1/0:18,Voice Circuit #11-5694-8500 (Algar Telecom)
rAWBRsac09,10.70.255.114,Se0/1/0:19,Voice Circuit #11-5694-8500 (Algar Telecom)
rAWBRsac09,10.70.255.114,Se0/1/0:20,Voice Circuit #11-5694-8500 (Algar Telecom)
rAWBRsac09,10.70.255.114,Se0/1/0:21,Voice Circuit #11-5694-8500 (Algar Telecom)
rAWBRsac09,10.70.255.114,Se0/1/0:22,Voice Circuit #11-5694-8500 (Algar Telecom)
rAWBRsac09,10.70.255.114,Se0/1/0:23,Voice Circuit #11-5694-8500 (Algar Telecom)
rAWBRsac09,10.70.255.114,Se0/1/0:24,Voice Circuit #11-5694-8500 (Algar Telecom)
rAWBRsac09,10.70.255.114,Se0/1/0:25,Voice Circuit #11-5694-8500 (Algar Telecom)
rAWBRsac09,10.70.255.114,Se0/1/0:26,Voice Circuit #11-5694-8500 (Algar Telecom)
rAWBRsac09,10.70.255.114,Se0/1/0:27,Voice Circuit #11-5694-8500 (Algar Telecom)
rAWBRsac09,10.70.255.114,Se0/1/0:28,Voice Circuit #11-5694-8500 (Algar Telecom)
rAWBRsac09,10.70.255.114,Se0/1/0:29,Voice Circuit #11-5694-8500 (Algar Telecom)
rAWBRsac09,10.70.255.114,Se0/1/0:30,Voice Circuit #11-5694-8500 (Algar Telecom)
rAWBRsac09,10.70.255.114,Gi0/2/0,
rAWBRsac09,10.70.255.114,Gi0/2/1,
rAWBRsac09,10.70.255.114,SE0/4/0,
rAWBRsac09,10.70.255.114,Gi0,
rAWBRsac09,10.70.255.114,Lo0,
rAWBRsac09,10.70.255.114,Tu0,Pim Register Tunnel (Encap) for RP 10.128.255.120
rAWBRsac09,10.70.255.114,Tu1,Pim Register Tunnel (Encap) for RP 10.128.255.128
rAWBRsac09,10.70.255.114,Tu2,Pim Register Tunnel (Encap) for RP 10.160.255.22
rAWBRsau98,10.70.255.70,Gi0/0,** to sDLBRsau01 G2/7/46 **
rAWBRsau98,10.70.255.70,Gi0/0.74,** Voice Interface **
rAWBRsac01,10.70.255.24,Gi0/0/0,to sDLBRsac01 1/0/1
/7/46 **
rAWBRsau98,10.70.255.70,Gi0/1,** to sDLBRsau01 G1/3/46 **
rAWBRsac01,10.70.255.24,Gi0/0/1,to sDLBRsac01 2/0/1
rAWBRsau98,10.70.255.70,Gi0/1.203,** to sDLBRsau01 G1/3/46 **
rAWBRsac01,10.70.255.24,Gi0/0/1.203,to sDLBRsac01
rAWBRsac01,10.70.255.24,Gi0/0/2,VzB MPLS 50Mbps - Circuit: sao-paulo-sp-bra_c0124632-171886389-5884895
rAWBRsau98,10.70.255.70,Se0/0/0:0,
rAWBRsau98,10.70.255.70,Se0/0/0:1,
rAWBRsau98,10.70.255.70,Se0/0/0:2,
ster Tunnel (Encap) for RP 10.128.255.120
rAWBRsau98,10.70.255.70,Se0/0/0:3,
ster Tunnel (Encap) for RP 10.128.255.128
rAWBRsac01,10.70.255.24,Tu2,Pim Register Tunnel (Encap) for RP 10.160.255.22
rAWBRsau98,10.70.255.70,Se0/0/0:4,
rAWBRsau98,10.70.255.70,Se0/0/0:5,
rAWBRsau98,10.70.255.70,Se0/0/0:6,
rAWBRsau98,10.70.255.70,Se0/0/0:7,
rAWBRsau98,10.70.255.70,Se0/0/0:8,
rAWBRsau98,10.70.255.70,Se0/0/0:9,
rAWBRsau98,10.70.255.70,Se0/0/0:10,
rAWBRsau98,10.70.255.70,Se0/0/0:11,
rAWBRsau98,10.70.255.70,Se0/0/0:12,
rAWBRsau98,10.70.255.70,Se0/0/0:13,
rAWBRsau98,10.70.255.70,Se0/0/0:14,
rAWBRsau98,10.70.255.70,Se0/0/0:15,Baxter Tech Serv.#37500 E1-ISDN(+551156948960-99)
rAWBRsap02,10.70.255.36,Gi0/0/0,to sDLBRsap01 G1/0/47
rAWBRsau98,10.70.255.70,Se0/0/0:16,
rAWBRsau98,10.70.255.70,Se0/0/0:17,
LBRsap01 G3/0/47
rAWBRsau98,10.70.255.70,Se0/0/0:18,
rAWBRsap02,10.70.255.36,Gi0/0/2,In-Country Algar 10Mbps CID#0000019179-SPO
rAWBRsau98,10.70.255.70,Se0/0/0:20,
rAWBRsau98,10.70.255.70,Se0/0/0:21,
rAWBRsau98,10.70.255.70,Se0/0/0:22,
rAWBRsap02,10.70.255.36,Po1,
rAWBRsau98,10.70.255.70,Se0/0/0:23,
rAWBRsau98,10.70.255.70,Se0/0/0:24,
o sDLBRsap01 ***
rAWBRsau98,10.70.255.70,Se0/0/0:25,
ter Tunnel (Encap) for RP 10.128.255.120
rAWBRsau98,10.70.255.70,Se0/0/0:26,
ter Tunnel (Encap) for RP 10.128.255.128
rAWBRsap02,10.70.255.36,Tu2,Pim Register Tunnel (Encap) for RP 10.160.255.22
rAWBRsau98,10.70.255.70,Se0/0/0:28,
rAWBRsau98,10.70.255.70,Se0/0/0:29,
rAWBRsau98,10.70.255.70,Se0/0/0:30,
rAWBRsau98,10.70.255.70,Se0/0/1:0,
rAWBRsau98,10.70.255.70,Se0/0/1:1,
rAWBRsau98,10.70.255.70,Se0/0/1:2,
rAWBRsau98,10.70.255.70,Se0/0/1:3,
rAWBRsau98,10.70.255.70,Se0/0/1:4,
rAWBRsau98,10.70.255.70,Se0/0/1:5,
rAWBRsau98,10.70.255.70,Se0/0/1:6,
rAWBRsau98,10.70.255.70,Se0/0/1:7,
rAWBRsau98,10.70.255.70,Se0/0/1:8,
rAWBRsau98,10.70.255.70,Se0/0/1:9,
rAWBRsau98,10.70.255.70,Se0/0/1:10,
rAWBRsau98,10.70.255.70,Se0/0/1:11,
rAWBRsau98,10.70.255.70,Se0/0/1:12,
rAWBRsau98,10.70.255.70,Se0/0/1:13,
rAWBRsau98,10.70.255.70,Se0/0/1:14,
rAWBRsau98,10.70.255.70,Se0/0/1:15,Embratel/Vivax-Algar_Support - E1 BKP (+551143494600-4799)
rAWBRsau98,10.70.255.70,Se0/0/1:16,
rAWBRsau98,10.70.255.70,Se0/0/1:17,
rAWBRsau98,10.70.255.70,Se0/0/1:18,
rAWBRsau98,10.70.255.70,Se0/0/1:19,
rAWBRsau98,10.70.255.70,Se0/0/1:20,
rAWBRsau98,10.70.255.70,Se0/0/1:21,
rAWBRsau98,10.70.255.70,Se0/0/1:22,
rAWBRsau98,10.70.255.70,Se0/0/1:23,
rAWBRsau98,10.70.255.70,Se0/0/1:24,
rAWBRsau98,10.70.255.70,Se0/0/1:25,
rAWBRsau98,10.70.255.70,Se0/0/1:26,
rAWBRsau98,10.70.255.70,Se0/0/1:27,
rAWBRsau98,10.70.255.70,Se0/0/1:28,
rAWBRsau98,10.70.255.70,Se0/0/1:29,
rAWBRsau98,10.70.255.70,Se0/0/1:30,
rAWBRsau98,10.70.255.70,Se1/0:0,
rAWBRsau98,10.70.255.70,Se1/0:1,
rAWBRsau98,10.70.255.70,Se1/0:2,
rAWBRsau98,10.70.255.70,Se1/0:3,
rAWBRsau98,10.70.255.70,Se1/0:4,
rAWBRsau98,10.70.255.70,Se1/0:5,
rAWBRsau98,10.70.255.70,Se1/0:6,
rAWBRsau98,10.70.255.70,Se1/0:7,
rAWBRsau98,10.70.255.70,Se1/0:8,
rAWBRsau98,10.70.255.70,Se1/0:9,
rAWBRsau98,10.70.255.70,Se1/0:10,
rAWBRsau98,10.70.255.70,Se1/0:11,
rAWBRsau98,10.70.255.70,Se1/0:12,
rAWBRsau98,10.70.255.70,Se1/0:13,
rAWBRsau98,10.70.255.70,Se1/0:14,
rAWBRsau98,10.70.255.70,Se1/0:15,Baxter 1st E1 (+551156948450)
rAWBRsau98,10.70.255.70,Se1/0:16,
rAWBRsau98,10.70.255.70,Se1/0:17,
rAWBRsau98,10.70.255.70,Se1/0:18,
rAWBRsau98,10.70.255.70,Se1/0:19,
rAWBRsau98,10.70.255.70,Se1/0:20,
rAWBRsau98,10.70.255.70,Se1/0:21,
rAWBRsau98,10.70.255.70,Se1/0:22,
rAWBRsau98,10.70.255.70,Se1/0:23,
rAWBRsau98,10.70.255.70,Se1/0:24,
rAWBRsau98,10.70.255.70,Se1/0:25,
rAWBRsau98,10.70.255.70,Se1/0:26,
rAWBRsau98,10.70.255.70,Se1/0:27,
rAWBRsau98,10.70.255.70,Se1/0:28,
rAWBRsau98,10.70.255.70,Se1/0:29,
rAWBRsau98,10.70.255.70,Se1/0:30,
rAWBRsau98,10.70.255.70,Se1/1:0,
rAWBRsau98,10.70.255.70,Se1/1:1,
rAWBRsau98,10.70.255.70,Se1/1:2,
rAWBRsau98,10.70.255.70,Se1/1:3,
rAWBRsau98,10.70.255.70,Se1/1:4,
rAWBRsau98,10.70.255.70,Se1/1:5,
rAWBRsau98,10.70.255.70,Se1/1:6,
rAWBRsau98,10.70.255.70,Se1/1:7,
rAWBRsau98,10.70.255.70,Se1/1:8,
rAWBRsau98,10.70.255.70,Se1/1:9,
rAWBRsau98,10.70.255.70,Se1/1:10,
rAWBRsau98,10.70.255.70,Se1/1:11,
rAWBRsau98,10.70.255.70,Se1/1:12,
rAWBRsau98,10.70.255.70,Se1/1:13,
rAWBRsau98,10.70.255.70,Se1/1:14,
rAWBRsau98,10.70.255.70,Se1/1:15,Baxter 2nd E1 (+551156948450)
rAWBRsau98,10.70.255.70,Se1/1:16,
rAWBRsau98,10.70.255.70,Se1/1:17,
rAWBRsau98,10.70.255.70,Se1/1:18,
rAWBRsau98,10.70.255.70,Se1/1:19,
rAWBRsau98,10.70.255.70,Se1/1:20,
rAWBRsau98,10.70.255.70,Se1/1:21,
rAWBRsau98,10.70.255.70,Se1/1:22,
rAWBRsau98,10.70.255.70,Se1/1:23,
rAWBRsau98,10.70.255.70,Se1/1:24,
rAWBRsau98,10.70.255.70,Se1/1:25,
rAWBRsau98,10.70.255.70,Se1/1:26,
rAWBRsau98,10.70.255.70,Se1/1:27,
rAWBRsau98,10.70.255.70,Se1/1:28,
rAWBRsau98,10.70.255.70,Se1/1:29,
rAWBRsau98,10.70.255.70,Se1/1:30,
rAWBRsau98,10.70.255.70,Lo0,** MGMT Loopback **
rAWBRsau98,10.70.255.70,Lo1,GRE Loopback
rAWBRsau98,10.70.255.70,Lo2,GRE Loopback to RCS
rAWBRsau98,10.70.255.70,Tu0,GRE Tunnel to Boulder rIWUSbou04
rAWBRsau98,10.70.255.70,Tu1,GRE Tunnel to RoundLake
rAWBRsau98,10.70.255.70,Tu30908,"GRE Tortuguitas, AR"
rAWBRsau98,10.70.255.70,Tu30926,"GRE Cortijo, CL"
rAWBRsau98,10.70.255.70,Tu37507,"GRE RCS Rio de Janeiro, BR"
rAWBRsau98,10.70.255.70,Tu37508,"GRE RCS Belo Horizonte, BR"
rAWBRsau98,10.70.255.70,Tu37509,"GRE RCS Jundiai, BR"
rAWBRsau98,10.70.255.70,Tu37510,"GRE RCS Vitoria, BR"
rAWBRsau98,10.70.255.70,Tu37511,"GRE RCS Serra, BR"
rAWBRsau98,10.70.255.70,Tu37512,"GRE RCS Cariacica, BR"
rAWBRjun01,10.70.255.180,Gi0/0,
rAWBRjun01,10.70.255.180,Gi0/0.100,DATA
rAWBRjun01,10.70.255.180,Gi0/0.101,VOICE
rAWBRjun01,10.70.255.180,Gi0/0.300,VLAN 300 WLAN (BaxOffice)
rAWBRjun01,10.70.255.180,Gi0/0.302,VLAN 302 WLAN (BaxManufacturing)
rAWBRjun01,10.70.255.180,Gi0/0.308,
rAWBRjun01,10.70.255.180,Gi0/0.324,VLAN 324 WLAN (BaxMobility)
rAWBRjun01,10.70.255.180,Gi0/0.380,VLAN 380 WLAN (BaxDCLPrinting)
rAWBRjun01,10.70.255.180,Gi0/0.398,VLAN 398 WLAN (AP Manager)
rAWBRjun01,10.70.255.180,Gi0/0.500,VLAN 500 (BaxCargo) - Algar Internet 2Mbps #000035941
rAWBRjun01,10.70.255.180,Gi0/1,ro=wan|ty=mpls|ca=algar|lm=NA|cid=19181|bw=50|bwu=50|vl=NA
rAWBRjun01,10.70.255.180,Fa0/1/1,ro=wan|ty=mpls|ca=verizon|lm=NA|cid=C0123188|bw=10|bwu=10|vl=NA
rAWBRjun01,10.70.255.180,Lo0,
rAWBRsap01,10.70.255.34,Gi0/0/0,to sDLBRsap01 G1/0/48
rAWBRsap01,10.70.255.34,Gi0/0/1,to sDLBRsap01 G3/0/48
rAWBRsap01,10.70.255.34,Gi0/0/2,Verizon MPLS VPN: Baxter; Site-Circuit: so-paulo-sp-bra_c0125797-178166942-5894394
rAWBRsap01,10.70.255.34,Lo0,
rAWBRsap01,10.70.255.34,Po1,
rAWBRsap01,10.70.255.34,Po1.201,*** to sDLBRsap01 ***
rAWBRsap01,10.70.255.34,Tu0,Pim Register Tunnel (Encap) for RP 10.128.255.120
rAWBRsap01,10.70.255.34,Tu1,Pim Register Tunnel (Encap) for RP 10.128.255.128
rAWBRsap01,10.70.255.34,Tu2,Pim Register Tunnel (Encap) for RP 10.160.255.22
rAWBRsai99,10.70.74.9,Gi0/0,
rAWBRsai99,10.70.74.9,Gi0/0.74,
rAWBRsai99,10.70.74.9,Gi0/1,
rAWBRsai99,10.70.74.9,Se2/0:0,
rAWBRsai99,10.70.74.9,Se2/0:1,
rAWBRsai99,10.70.74.9,Se2/0:2,
rAWBRsai99,10.70.74.9,Se2/0:3,
rAWBRsai99,10.70.74.9,Se2/0:4,
rAWBRsai99,10.70.74.9,Se2/0:5,
rAWBRsai99,10.70.74.9,Se2/0:6,
rAWBRsai99,10.70.74.9,Se2/0:7,
rAWBRsai99,10.70.74.9,Se2/0:8,
rAWBRsai99,10.70.74.9,Se2/0:9,
rAWBRsai99,10.70.74.9,Se2/0:10,
rAWBRsai99,10.70.74.9,Se2/0:11,
rAWBRsai99,10.70.74.9,Se2/0:12,
rAWBRsai99,10.70.74.9,Se2/0:13,
rAWBRsai99,10.70.74.9,Se2/0:14,
rAWBRsai99,10.70.74.9,Se2/0:15,ALGAR ((+551121422100)
rAWBRsai99,10.70.74.9,Se2/0:16,
rAWBRsai99,10.70.74.9,Se2/0:17,
rAWBRsai99,10.70.74.9,Se2/0:18,
rAWBRsai99,10.70.74.9,Se2/0:19,
rAWBRsai99,10.70.74.9,Se2/0:20,
rAWBRsai99,10.70.74.9,Se2/0:21,
rAWBRsai99,10.70.74.9,Se2/0:22,
rAWBRsai99,10.70.74.9,Se2/0:23,
rAWBRsai99,10.70.74.9,Se2/0:24,
rAWBRsai99,10.70.74.9,Se2/0:25,
rAWBRsai99,10.70.74.9,Se2/0:26,
rAWBRsai99,10.70.74.9,Se2/0:27,
rAWBRsai99,10.70.74.9,Se2/0:28,
rAWBRsai99,10.70.74.9,Se2/0:29,
rAWBRsai99,10.70.74.9,Se2/0:30,
rAWBRsai99,10.70.74.9,Se2/1:0,
rAWBRsai99,10.70.74.9,Se2/1:1,
rAWBRsai99,10.70.74.9,Se2/1:2,
rAWBRsai99,10.70.74.9,Se2/1:3,
rAWBRsai99,10.70.74.9,Se2/1:4,
rAWBRsai99,10.70.74.9,Se2/1:5,
rAWBRsai99,10.70.74.9,Se2/1:6,
rAWBRsai99,10.70.74.9,Se2/1:7,
rAWBRsai99,10.70.74.9,Se2/1:8,
rAWBRsai99,10.70.74.9,Se2/1:9,
rAWBRsai99,10.70.74.9,Se2/1:10,
rAWBRsai99,10.70.74.9,Se2/1:11,
rAWBRsai99,10.70.74.9,Se2/1:12,
rAWBRsai99,10.70.74.9,Se2/1:13,
rAWBRsai99,10.70.74.9,Se2/1:14,
rAWBRsai99,10.70.74.9,Se2/1:15,Embratell (11)4349-4600[4799] - BACKUP
rAWBRsai99,10.70.74.9,Se2/1:16,
rALARbui01,10.56.255.90,Gi0/0,Connected to sALARbui01
rAWBRsai99,10.70.74.9,Se2/1:18,
,
rAWBRsai99,10.70.74.9,Se2/1:19,
,
rALARbui01,10.56.255.90,Gi0/1,ro=wan|ty=voice|vt=NA|ca=claro|lm=NA|ct=NA|cid=3980590|vc=NA
rALARbui01,10.56.255.90,Fa0/1/0,Internet Backup-Fibertel CUIT#30-59351456-7(Contact 08101222677)
rALARbui01,10.56.255.90,Lo0,
,
rAWBRsai99,10.70.74.9,Se2/1:23,
EXVPN_LOOPBACK_TO_CHICAGO
rALARbui01,10.56.255.90,Lo1002,FLEXVPN_LOOPBACK_TO_ASHBURN
rALARbui01,10.56.255.90,NV0,
,
rALARbui01,10.56.255.90,Tu11280,PRIMARY_FLEXVPN_TUNNEL_TO_CHICAGO_rIWUSchi03
rALARbui01,10.56.255.90,Tu11808,PRIMARY_FLEXVPN_TUNNEL_TO_ASHBURN_rIWUSash03
rAWBRsai99,10.70.74.9,Se2/1:28,
rAWBRsai99,10.70.74.9,Se2/1:29,
rAWBRsai99,10.70.74.9,Se2/1:30,
rAWBRsai99,10.70.74.9,Lo0,
rAWARtor99,10.56.255.53,Gi0/0,
rAWARtor99,10.56.255.53,Gi0/0.40,
rAWARtor99,10.56.255.53,Gi0/1,** Claro Internet 4Mbps BXTR05SW02-6228637 **
rAWARtor99,10.56.255.53,Gi0/2,** In-Country MPLS Claro/Telmex #3980588 **
rAWARtor99,10.56.255.53,Se0/0/0:0,** Voice Circuit Claro(Telmex +543327424000 Tie 701 **
rAWARtor99,10.56.255.53,Se0/0/0:1,** Voice Circuit Claro(Telmex +543327424000 Tie 701 **
rAWARtor99,10.56.255.53,Se0/0/0:2,** Voice Circuit Claro(Telmex +543327424000 Tie 701 **
rAWARtor99,10.56.255.53,Se0/0/0:3,** Voice Circuit Claro(Telmex +543327424000 Tie 701 **
rAWARtor99,10.56.255.53,Se0/0/0:4,** Voice Circuit Claro(Telmex +543327424000 Tie 701 **
rAWARtor99,10.56.255.53,Se0/0/0:5,** Voice Circuit Claro(Telmex +543327424000 Tie 701 **
rAWARtor99,10.56.255.53,Se0/0/0:6,** Voice Circuit Claro(Telmex +543327424000 Tie 701 **
rAWARtor99,10.56.255.53,Se0/0/0:7,** Voice Circuit Claro(Telmex +543327424000 Tie 701 **
rAWARtor99,10.56.255.53,Se0/0/0:8,** Voice Circuit Claro(Telmex +543327424000 Tie 701 **
rAWARtor99,10.56.255.53,Se0/0/0:9,** Voice Circuit Claro(Telmex +543327424000 Tie 701 **
rAWARtor99,10.56.255.53,Se0/0/0:10,** Voice Circuit Claro(Telmex +543327424000 Tie 701 **
rAWARtor99,10.56.255.53,Se0/0/0:11,** Voice Circuit Claro(Telmex +543327424000 Tie 701 **
rAWARtor99,10.56.255.53,Se0/0/0:12,** Voice Circuit Claro(Telmex +543327424000 Tie 701 **
rAWARtor99,10.56.255.53,Se0/0/0:13,** Voice Circuit Claro(Telmex +543327424000 Tie 701 **
rAWARtor99,10.56.255.53,Se0/0/0:14,** Voice Circuit Claro(Telmex +543327424000 Tie 701 **
rAWARtor99,10.56.255.53,Se0/0/0:15,** Voice Circuit Claro(Telmex +543327424000 Tie 701 **
rAWARtor99,10.56.255.53,Se0/0/0:16,** Voice Circuit Claro(Telmex +543327424000 Tie 701 **
rAWARtor99,10.56.255.53,Se0/0/0:17,** Voice Circuit Claro(Telmex +543327424000 Tie 701 **
rAWARtor99,10.56.255.53,Se0/0/0:18,** Voice Circuit Claro(Telmex +543327424000 Tie 701 **
rAWARtor99,10.56.255.53,Se0/0/0:19,** Voice Circuit Claro(Telmex +543327424000 Tie 701 **
rAWARtor99,10.56.255.53,Se0/0/0:20,** Voice Circuit Claro(Telmex +543327424000 Tie 701 **
rAWARtor99,10.56.255.53,Se0/0/0:21,** Voice Circuit Claro(Telmex +543327424000 Tie 701 **
rAWARtor99,10.56.255.53,Se0/0/0:22,** Voice Circuit Claro(Telmex +543327424000 Tie 701 **
rAWARtor99,10.56.255.53,Se0/0/0:23,** Voice Circuit Claro(Telmex +543327424000 Tie 701 **
rAWARtor99,10.56.255.53,Se0/0/0:24,** Voice Circuit Claro(Telmex +543327424000 Tie 701 **
rAWARtor99,10.56.255.53,Se0/0/0:25,** Voice Circuit Claro(Telmex +543327424000 Tie 701 **
rAWARtor99,10.56.255.53,Se0/0/0:26,** Voice Circuit Claro(Telmex +543327424000 Tie 701 **
rAWARtor99,10.56.255.53,Se0/0/0:27,** Voice Circuit Claro(Telmex +543327424000 Tie 701 **
rAWARtor99,10.56.255.53,Se0/0/0:28,** Voice Circuit Claro(Telmex +543327424000 Tie 701 **
rAWARtor99,10.56.255.53,Se0/0/0:29,** Voice Circuit Claro(Telmex +543327424000 Tie 701 **
rAWARtor99,10.56.255.53,Se0/0/0:30,** Voice Circuit Claro(Telmex +543327424000 Tie 701 **
rAWARtor99,10.56.255.53,SM1/0,
rAWARtor99,10.56.255.53,SM1/1,Internal switch interface connected to Service Module
rAWARtor99,10.56.255.53,Lo0,
rAWARtor99,10.56.255.53,Lo1,GRE Loopback
rAWARtor99,10.56.255.53,NV0,
rAWARtor99,10.56.255.53,Tu37506,GRE Tunnel to Sao Paulo iPOP
rAWARtor99,10.56.255.53,Vl1,
rAWARtor01,10.56.255.54,Gi0/0,connection to sALARtor01
rAWARtor01,10.56.255.54,Gi0/0.100,Vlan 100
rAWARtor01,10.56.255.54,Gi0/1,ro=wan|ty=mpls|ca=verizon|lm=NA|cid=C0129648|bw=8|bwu=8|vl=NA
rAWARtor01,10.56.255.54,As0/2/0,
rAWARtor01,10.56.255.54,Lo0,
,192.168.214.133,Time out,Cant connect
,10.70.255.51,Authentication failure,Cant connect
rAWBRbel09,10.70.255.62,Gi0/0/0,** ISP Algar/Mudivox CID#7239646 - 10/Mbps **
rAWBRbel09,10.70.255.62,Gi0/0/1,** sDLBRbel01 G2/0/24 **
rAWBRbel09,10.70.255.62,Gi0/0/1.201,** sDLBRbel01 VLAN201 **
rAWBRbel09,10.70.255.62,Gi0/0/1.203,** sDLBRbel01 VLAN203 **
rAWBRbel09,10.70.255.62,Lo0,** MGMT Loop0 **
rAWBRbel09,10.70.255.62,Lo1,GRE TUNNEL SOURCE - DON'T REDISTRIBUTE
rAWBRbel01,10.70.255.61,Gi0/0/0,** ISP Algar CID#7239645 - 10/Mbps **
rAWBRbel01,10.70.255.61,Gi0/0/1,** sDLBRrio01 G1/0/24 **
rAWBRbel01,10.70.255.61,Gi0/0/1.201,** sDLBRbel01 VLAN201 **
rAWBRbel01,10.70.255.61,Gi0/0/1.203,** sDLBRrio01 VLAN203 **
rAWBRbel01,10.70.255.61,As0/1/0,
rAWBRbel01,10.70.255.61,As0/1/1,
rAWBRbel01,10.70.255.61,As0/1/2,
rAWBRbel01,10.70.255.61,As0/1/3,
rAWBRbel01,10.70.255.61,As0/1/4,
rAWBRbel01,10.70.255.61,As0/1/5,
rAWBRbel01,10.70.255.61,As0/1/6,
rAWBRbel01,10.70.255.61,As0/1/7,
rAWBRbel01,10.70.255.61,As0/1/8,
rAWBRbel01,10.70.255.61,As0/1/9,
rAWBRbel01,10.70.255.61,As0/1/10,
rAWBRbel01,10.70.255.61,As0/1/11,
rAWBRbel01,10.70.255.61,As0/1/12,
rAWBRbel01,10.70.255.61,As0/1/13,
rAWBRbel01,10.70.255.61,As0/1/14,
rAWBRbel01,10.70.255.61,As0/1/15,
rAWBRbel01,10.70.255.61,Lo0,** MGMT Loop0 **
rAWBRbel01,10.70.255.61,Lo1,GRE TUNNEL SOURCE - DON'T REDISTRIBUTE
rAWBRbel01,10.70.255.61,Tu37506,GRE Tunnel to Brazil iPOP #37506
rAWBRjdi01,10.70.255.20,Gi0/0/0,** ISP NET - Internet **
rAWBRjdi01,10.70.255.20,Gi0/0/1,** sDLBRjdi01 G1/0/21 **
rAWBRjdi01,10.70.255.20,Gi0/0/1.201,
rAWBRjdi01,10.70.255.20,Gi0/0/1.203,
rAWBRjdi01,10.70.255.20,As0/1/0,
rAWBRjdi01,10.70.255.20,As0/1/1,
rAWBRjdi01,10.70.255.20,As0/1/2,
rAWBRjdi01,10.70.255.20,As0/1/3,
rAWBRjdi01,10.70.255.20,As0/1/4,
rAWBRjdi01,10.70.255.20,As0/1/5,
rAWBRjdi01,10.70.255.20,As0/1/6,
rAWBRjdi01,10.70.255.20,As0/1/7,
rAWBRjdi01,10.70.255.20,As0/1/8,
rAWBRjdi01,10.70.255.20,As0/1/9,
rAWBRjdi01,10.70.255.20,As0/1/10,
rAWBRjdi01,10.70.255.20,As0/1/11,
rAWBRjdi01,10.70.255.20,As0/1/12,
rAWBRjdi01,10.70.255.20,As0/1/13,
rAWBRjdi01,10.70.255.20,As0/1/14,
rAWBRjdi01,10.70.255.20,As0/1/15,
rAWBRjdi01,10.70.255.20,Gi0/2/0,** Internet 10M - Algar ID#7230157 **
rAWBRjdi01,10.70.255.20,Lo0,** MGMT Loop0 **
rAWBRjdi01,10.70.255.20,Lo1,GRE TUNNEL SOURCE - DON'T REDISTRIBUTE
rAWBRjdi01,10.70.255.20,Tu37506,GRE Tunnel to Brazil iPOP #37506
rAWBRjdi09,10.70.255.21,Gi0/0/0,
rAWBRjdi09,10.70.255.21,Gi0/0/1,** sDLBRxxx01 G2/0/21 **
rAWBRjdi09,10.70.255.21,Gi0/0/1.203,
rAWBRjdi09,10.70.255.21,Gi0/1/0,** Internet 10M - Algar ID#7230158 **
rAWBRjdi09,10.70.255.21,Lo0,
rAWCAall01,10.44.255.26,Gi0/0/0,Connection to sDCAall02 (Te 1/1/1)
rAWCAall01,10.44.255.26,Gi0/0/1,Connection to sDCAall02 (Te 2/1/1)
rAWCAall01,10.44.255.26,Gi0/0/2,ro=wan|ty=mpls|ca=verizon|lm=NA|cid=C1075034|bw=50|bwu=50|vl=NA
rAWCAall01,10.44.255.26,Gi0/0/3,rAWCAall02_G0/0/3 (iBGP Link)
rAWCAall01,10.44.255.26,Gi0,
rAWCAall01,10.44.255.26,Lo0,Management Loopback
rAWCAall01,10.44.255.26,Lo5,APPNAVt Loopback
rAWCAall01,10.44.255.26,Tu0,Pim Register Tunnel (Encap) for RP 10.128.255.120
rAWCAall01,10.44.255.26,Tu1,Pim Register Tunnel (Encap) for RP 10.128.255.128
rAWCAall01,10.44.255.26,Tu2,Pim Register Tunnel (Encap) for RP 10.160.255.22
rAWCAall01,10.44.255.26,Tu3,Pim Register Tunnel (Encap) for RP 10.160.255.21
rAWBRsrr01,10.70.255.141,Gi0/0/0,** sDLBRsrr01 G1/0/1 **
rAWBRsrr01,10.70.255.141,Gi0/0/0.201,** sDLBRsrr01 VLAN201 **
rAWBRsrr01,10.70.255.141,Gi0/0/1,** sDLBRsrr09 G2/0/1 **
rAWBRsrr01,10.70.255.141,Gi0/0/1.203,** sDLBRsrr01 VLAN203 **
rAWBRsrr01,10.70.255.141,Gi0/1/0,** ISP Algar CID#7484364 - Internet 10Mbps **
rAWBRsrr01,10.70.255.141,As0/2/0,
rAWBRsrr01,10.70.255.141,As0/2/1,
rAWBRsrr01,10.70.255.141,As0/2/2,
rAWBRsrr01,10.70.255.141,As0/2/3,
rAWBRsrr01,10.70.255.141,As0/2/4,
rAWBRsrr01,10.70.255.141,As0/2/5,
rAWBRsrr01,10.70.255.141,As0/2/6,
rAWBRsrr01,10.70.255.141,As0/2/7,
rAWBRsrr01,10.70.255.141,As0/2/8,
rAWBRsrr01,10.70.255.141,As0/2/9,
rAWBRsrr01,10.70.255.141,As0/2/10,
rAWBRsrr01,10.70.255.141,As0/2/11,
rAWBRsrr01,10.70.255.141,As0/2/12,
rAWBRsrr01,10.70.255.141,As0/2/13,
rAWBRsrr01,10.70.255.141,As0/2/14,
rAWBRsrr01,10.70.255.141,As0/2/15,
rAWBRsrr01,10.70.255.141,Lo0,** MGMT Loop0 **
rAWBRsrr01,10.70.255.141,Lo1,GRE TUNNEL SOURCE - DON'T REDISTRIBUTE
rAWBRsrr01,10.70.255.141,Tu101,Primary Zscaler 172.20.38.186
rAWBRsrr01,10.70.255.141,Tu201,Secondary Zscaler Capetown_I
rAWBRsrr01,10.70.255.141,Tu37506,GRE Tunnel to Brazil iPOP #37506
rAWBRsrr09,10.70.255.142,Gi0/0/0,** sDLBRsrr01 G1/0/2 **
rAWBRsrr09,10.70.255.142,Gi0/0/0.201,** sDLBRsrr01 VLAN201 **
rAWBRsrr09,10.70.255.142,Gi0/0/1,** sDLBRsrr01 G2/0/2 **
rAWBRsrr09,10.70.255.142,Gi0/0/1.203,** sDLBRsrr01 VLAN203 **
rAWBRsrr09,10.70.255.142,Gi0/1/0,** ISP VipRede IN PROJECT - Internet 10Mbps **
rAWBRsrr09,10.70.255.142,Lo0,** MGMT Loop0 **
rAWBRsrr09,10.70.255.142,Lo1,GRE TUNNEL SOURCE - DON'T REDISTRIBUTE
rAWBRcrc09,10.70.255.152,Gi0/0/0,** sDLBRcrc01 G1/0/2 **
rAWBRcrc09,10.70.255.152,Gi0/0/0.201,** sDLBRcrc01 VLAN201 **
rAWBRcrc09,10.70.255.152,Gi0/0/1,** sDLBRcrc01 G2/0/2 **
rAWBRcrc09,10.70.255.152,Gi0/0/1.203,** sDLBRcrc01 VLAN203 **
rAWBRcrc09,10.70.255.152,Gi0/1/0,** ISP VipRede IN PROJECT - Internet 10Mbps **
rAWBRcrc09,10.70.255.152,Lo0,** MGMT Loop0 **
rAWBRcrc09,10.70.255.152,Lo1,GRE TUNNEL SOURCE - DON'T REDISTRIBUTE
rAWBRcrc01,10.70.255.151,Gi0/0/0,** sDLBRcrc01 G1/0/1 **
rAWBRcrc01,10.70.255.151,Gi0/0/0.201,** sDLBRcrc01 VLAN201 **
rAWBRcrc01,10.70.255.151,Gi0/0/1,** sDLBRcrc09 G2/0/1 **
rAWBRcrc01,10.70.255.151,Gi0/0/1.203,** sDLBRcrc01 VLAN203 **
rAWBRcrc01,10.70.255.151,As0/1/0,
rAWBRcrc01,10.70.255.151,As0/1/1,
rAWBRcrc01,10.70.255.151,As0/1/2,
rAWBRcrc01,10.70.255.151,As0/1/3,
rAWBRcrc01,10.70.255.151,As0/1/4,
rAWBRcrc01,10.70.255.151,As0/1/5,
rAWBRcrc01,10.70.255.151,As0/1/6,
rAWBRcrc01,10.70.255.151,As0/1/7,
rAWBRcrc01,10.70.255.151,As0/1/8,
rAWBRcrc01,10.70.255.151,As0/1/9,
rAWBRcrc01,10.70.255.151,As0/1/10,
rAWBRcrc01,10.70.255.151,As0/1/11,
rAWBRcrc01,10.70.255.151,As0/1/12,
rAWBRcrc01,10.70.255.151,As0/1/13,
rAWBRcrc01,10.70.255.151,As0/1/14,
rAWBRcrc01,10.70.255.151,As0/1/15,
rAWBRcrc01,10.70.255.151,Gi0/2/0,** ISP Algar CID#7512791 - Internet 10Mbps **
rAWBRcrc01,10.70.255.151,Lo0,** MGMT Loop0 **
rAWBRcrc01,10.70.255.151,Lo1,GRE TUNNEL SOURCE - DON'T REDISTRIBUTE
rAWBRcrc01,10.70.255.151,Tu101,Primary Zscaler 172.20.38.202
rAWBRcrc01,10.70.255.151,Tu201,Secondary Zscaler Capetown_I
rAWBRcrc01,10.70.255.151,Tu37506,GRE Tunnel to Brazil iPOP #37506
rAWCAall02,10.44.255.29,Gi0/0/0,Connection to sDCAall02 (Te 1/1/2)
rAWCAall02,10.44.255.29,Gi0/0/1,Connection to sDCAall02 (Te 2/1/2)
rAWCAall02,10.44.255.29,Gi0/0/2,Rogers E10 baxcorp056
rAWCAall02,10.44.255.29,Gi0/0/3,rAWCAall01_G0/0/3 (iBGP Link)
rAWCAall02,10.44.255.29,SE0/1/0,
rAWCAall02,10.44.255.29,Se0/1/0:0,
rAWCAall02,10.44.255.29,Se0/1/0:1,
rAWCAall02,10.44.255.29,Se0/1/0:2,
rAWCAall02,10.44.255.29,Se0/1/0:3,
rAWCAall02,10.44.255.29,Se0/1/0:4,
rAWCAall02,10.44.255.29,Se0/1/0:5,
rAWCAall02,10.44.255.29,Se0/1/0:6,
rAWCAall02,10.44.255.29,Se0/1/0:7,
rAWCAall02,10.44.255.29,Se0/1/0:8,
rAWCAall02,10.44.255.29,Se0/1/0:9,
rAWCAall02,10.44.255.29,Se0/1/0:10,
rAWCAall02,10.44.255.29,Se0/1/0:11,
rAWCAall02,10.44.255.29,Se0/1/0:12,
rAWCAall02,10.44.255.29,Se0/1/0:13,
rAWCAall02,10.44.255.29,Se0/1/0:14,
rAWCAall02,10.44.255.29,Se0/1/0:15,
rAWCAall02,10.44.255.29,Se0/1/0:16,
rAWCAall02,10.44.255.29,Se0/1/0:17,
rAWCAall02,10.44.255.29,Se0/1/0:18,
rAWCAall02,10.44.255.29,Se0/1/0:19,
rAWCAall02,10.44.255.29,Se0/1/0:20,
rAWCAall02,10.44.255.29,Se0/1/0:21,
rAWCAall02,10.44.255.29,Se0/1/0:22,
rAWCAall02,10.44.255.29,Se0/1/0:23,
rAWCAall02,10.44.255.29,Se0/1/1:0,
rAWCAall02,10.44.255.29,Se0/1/1:1,
rAWCAall02,10.44.255.29,Se0/1/1:2,
rAWCAall02,10.44.255.29,Se0/1/1:3,
rAWCAall02,10.44.255.29,Se0/1/1:4,
rAWCAall02,10.44.255.29,Se0/1/1:5,
rAWCAall02,10.44.255.29,Se0/1/1:6,
rAWCAall02,10.44.255.29,Se0/1/1:7,
rAWCAall02,10.44.255.29,Se0/1/1:8,
rAWCAall02,10.44.255.29,Se0/1/1:9,
rAWCAall02,10.44.255.29,Se0/1/1:10,
rAWCAall02,10.44.255.29,Se0/1/1:11,
rAWCAall02,10.44.255.29,Se0/1/1:12,
rAWCAall02,10.44.255.29,Se0/1/1:13,
rAWCAall02,10.44.255.29,Se0/1/1:14,
rAWCAall02,10.44.255.29,Se0/1/1:15,
rAWCAall02,10.44.255.29,Se0/1/1:16,
rAWCAall02,10.44.255.29,Se0/1/1:17,
rAWCAall02,10.44.255.29,Se0/1/1:18,
rAWCAall02,10.44.255.29,Se0/1/1:19,
rAWCAall02,10.44.255.29,Se0/1/1:20,
rAWCAall02,10.44.255.29,Se0/1/1:21,
rAWCAall02,10.44.255.29,Se0/1/1:22,
rAWCAall02,10.44.255.29,Se0/1/1:23,
rAWCAall02,10.44.255.29,SE0/3/0,
rAWCAall02,10.44.255.29,Gi0,
rAWCAall02,10.44.255.29,Lo0,Management Loopback
rAWCAall02,10.44.255.29,Lo5,APPNAV Loopback
rAWCAall02,10.44.255.29,Tu0,Pim Register Tunnel (Encap) for RP 10.128.255.120
rAWCAall02,10.44.255.29,Tu1,Pim Register Tunnel (Encap) for RP 10.128.255.128
rAWCAall02,10.44.255.29,Tu2,Pim Register Tunnel (Encap) for RP 10.160.255.22
rAWCAall02,10.44.255.29,Tu3,Pim Register Tunnel (Encap) for RP 10.160.255.21
rAWCAlvl01,10.84.255.72,Gi0/0,Connection to sDLCALVL02 (gi 1/0/1)
rAWCAlvl01,10.84.255.72,Gi0/1,VEN:Bell Canada CID:05FIAJ800741-278BLCA-A00 & 05FIXX800741-278BLCA-PAA PH:1-888-788-2355 20Mbps Dedicated Internet
rAWCAlvl01,10.84.255.72,Gi0/2,Connection to sDLCALVL02 (gi 1/0/2)
rAWCAlvl01,10.84.255.72,Se0/0/0:0,Carrier BELL - Phone +1-416-861-1717 Ckt# 1st PRI
rAWCAlvl01,10.84.255.72,Se0/0/0:1,Carrier BELL - Phone +1-416-861-1717 Ckt# 1st PRI
rAWCAlvl01,10.84.255.72,Se0/0/0:2,Carrier BELL - Phone +1-416-861-1717 Ckt# 1st PRI
rAWCAlvl01,10.84.255.72,Se0/0/0:3,Carrier BELL - Phone +1-416-861-1717 Ckt# 1st PRI
rAWCAlvl01,10.84.255.72,Se0/0/0:4,Carrier BELL - Phone +1-416-861-1717 Ckt# 1st PRI
rAWCAlvl01,10.84.255.72,Se0/0/0:5,Carrier BELL - Phone +1-416-861-1717 Ckt# 1st PRI
rAWCAlvl01,10.84.255.72,Se0/0/0:6,Carrier BELL - Phone +1-416-861-1717 Ckt# 1st PRI
rAWCAlvl01,10.84.255.72,Se0/0/0:7,Carrier BELL - Phone +1-416-861-1717 Ckt# 1st PRI
rAWCAlvl01,10.84.255.72,Se0/0/0:8,Carrier BELL - Phone +1-416-861-1717 Ckt# 1st PRI
rAWCAlvl01,10.84.255.72,Se0/0/0:9,Carrier BELL - Phone +1-416-861-1717 Ckt# 1st PRI
rAWCAlvl01,10.84.255.72,Se0/0/0:10,Carrier BELL - Phone +1-416-861-1717 Ckt# 1st PRI
rAWCAlvl01,10.84.255.72,Se0/0/0:11,Carrier BELL - Phone +1-416-861-1717 Ckt# 1st PRI
rAWCAlvl01,10.84.255.72,Se0/0/0:12,Carrier BELL - Phone +1-416-861-1717 Ckt# 1st PRI
rAWCAlvl01,10.84.255.72,Se0/0/0:13,Carrier BELL - Phone +1-416-861-1717 Ckt# 1st PRI
rAWCAlvl01,10.84.255.72,Se0/0/0:14,Carrier BELL - Phone +1-416-861-1717 Ckt# 1st PRI
rAWCAlvl01,10.84.255.72,Se0/0/0:15,Carrier BELL - Phone +1-416-861-1717 Ckt# 1st PRI
rAWCAlvl01,10.84.255.72,Se0/0/0:16,Carrier BELL - Phone +1-416-861-1717 Ckt# 1st PRI
rAWCAlvl01,10.84.255.72,Se0/0/0:17,Carrier BELL - Phone +1-416-861-1717 Ckt# 1st PRI
rAWCAlvl01,10.84.255.72,Se0/0/0:18,Carrier BELL - Phone +1-416-861-1717 Ckt# 1st PRI
rAWCAlvl01,10.84.255.72,Se0/0/0:19,Carrier BELL - Phone +1-416-861-1717 Ckt# 1st PRI
rAWCAlvl01,10.84.255.72,Se0/0/0:20,Carrier BELL - Phone +1-416-861-1717 Ckt# 1st PRI
rAWCAlvl01,10.84.255.72,Se0/0/0:21,Carrier BELL - Phone +1-416-861-1717 Ckt# 1st PRI
rAWCAlvl01,10.84.255.72,Se0/0/0:22,Carrier BELL - Phone +1-416-861-1717 Ckt# 1st PRI
rAWCAlvl01,10.84.255.72,Se0/0/0:23,Carrier BELL - Phone +1-416-861-1717 Ckt# 1st PRI
rAWCAlvl01,10.84.255.72,Lo0,
rAWCAlvl01,10.84.255.72,Lo1,GRE Loopback
rAWCAlvl01,10.84.255.72,Lo1001,FLEXVPN_LOOPBACK_TO_CHICAGO
rAWCAlvl01,10.84.255.72,Lo1002,FLEXVPN_LOOPBACK_TO_ASHBURN
rAWCAlvl01,10.84.255.72,Po1,Connection to sDLCAsnt01
rAWCAlvl01,10.84.255.72,Tu11280,PRIMARY_FLEXVPN_TUNNEL_TO_CHICAGO_rIWUSchi03
rAWCAlvl01,10.84.255.72,Tu11808,PRIMARY_FLEXVPN_TUNNEL_TO_ASHBURN_rIWUSash03
rAWBRvit01,10.70.255.31,Gi0/0/0,** sDLBRvit01 G1/0/1 **
rAWBRvit01,10.70.255.31,Gi0/0/0.201,** sDLBRvit01 VLAN201 **
rAWBRvit01,10.70.255.31,Gi0/0/1,** sDLBRvit01 G2/0/1 **
rAWBRvit01,10.70.255.31,Gi0/0/1.203,** sDLBRvit01 VLAN203 **
rAWBRvit01,10.70.255.31,As0/1/0,
rAWBRvit01,10.70.255.31,As0/1/1,
rAWBRvit01,10.70.255.31,As0/1/2,
rAWBRvit01,10.70.255.31,As0/1/3,
rAWBRvit01,10.70.255.31,As0/1/4,
rAWBRvit01,10.70.255.31,As0/1/5,
rAWBRvit01,10.70.255.31,As0/1/6,
rAWCArho01,10.45.255.195,Gi0/0,Connection to sDLCArho02(gi1/0/1)
rAWBRvit01,10.70.255.31,As0/1/8,
izon MPLS VPN: Baxter; Site-Circuit: richmond-bc-can_w1c81521-5903240
rAWCArho01,10.45.255.195,Gi0/2,Connection to sDLCArho02(gi1/0/2)
rAWCArho01,10.45.255.195,Se0/1/0:0,
rAWCArho01,10.45.255.195,Se0/1/0:1,
rAWCArho01,10.45.255.195,Se0/1/0:2,
rAWBRvit01,10.70.255.31,As0/1/12,

rAWCArho01,10.45.255.195,Se0/1/0:4,
rAWBRvit01,10.70.255.31,As0/1/14,

rAWCArho01,10.45.255.195,Se0/1/0:6,
rAWCArho01,10.45.255.195,Se0/1/0:7,
P Algar CID#7484290 - Internet 10Mbps **
rAWBRvit01,10.70.255.31,Lo0,** MGMT Loop0 **
rAWBRvit01,10.70.255.31,Lo1,GRE TUNNEL SOURCE - DON'T REDISTRIBUTE
rAWCArho01,10.45.255.195,Se0/1/0:9,
rAWCArho01,10.45.255.195,Se0/1/0:10,
Zscaler
rAWCArho01,10.45.255.195,Se0/1/0:11,
y Zscaler
rAWBRvit01,10.70.255.31,Tu37506,GRE Tunnel to Brazil iPOP #37506
rAWCArho01,10.45.255.195,Se0/1/0:13,
rAWCArho01,10.45.255.195,Se0/1/0:14,
rAWCArho01,10.45.255.195,Se0/1/0:15,
rAWCArho01,10.45.255.195,Se0/1/0:16,
rAWCArho01,10.45.255.195,Se0/1/0:17,
rAWCArho01,10.45.255.195,Se0/1/0:18,
rAWCArho01,10.45.255.195,Se0/1/0:19,
rAWCArho01,10.45.255.195,Se0/1/0:20,
rAWCArho01,10.45.255.195,Se0/1/0:21,
rAWCArho01,10.45.255.195,Se0/1/0:22,
rAWCArho01,10.45.255.195,Se0/1/0:23,
rAWCArho01,10.45.255.195,Lo0,
rAWCArho01,10.45.255.195,Po1,Connection to sDLCArho02
,192.168.214.30,Time out,Cant connect
,192.168.214.128,Time out,Cant connect
rAWCAmsc01,10.84.255.48,Gi0/0,Connection to sALCAmsc01 (gi1/0/1)
rAWCAmsc01,10.84.255.48,Gi0/1,Verizon MPLS CID: mississauga-on-can_w1c08950-5707093
rAWCAmsc01,10.84.255.48,Gi0/2,Connection to sALCAmsc01 (gi2/0/1)
rAWCAmsc01,10.84.255.48,As0/0/0,
rAWCAmsc01,10.84.255.48,Lo0,
rAWCAmsc01,10.84.255.48,Po1,Connection to sALCAmsc01
rAWCAmis02,10.44.255.11,Gi0/0/0,Connection to sDCAmis02 (Te 1/1/2)
rAWCAmis02,10.44.255.11,Gi0/0/1,Connection to sDCAmis02 (Te 2/1/2)
rAWCAmis02,10.44.255.11,Gi0/0/2,100mg Rogers Circuit ID Baxcorp057 contact# 888-465-3034
rAWCAmis02,10.44.255.11,Gi0/0/3,rAWCAmis01_G0/0/3 (iBGP Link)
rAWCAmis02,10.44.255.11,SE0/1/0,
rAWCAmis02,10.44.255.11,Se0/1/0:0,Bell PRI Ckt# system1 01IPCD888474 - support # 416-862-1717
rAWCAmis02,10.44.255.11,Se0/1/0:1,Bell PRI Ckt# system1 01IPCD888474 - support # 416-862-1717
rAWCAmis02,10.44.255.11,Se0/1/0:2,Bell PRI Ckt# system1 01IPCD888474 - support # 416-862-1717
rAWCAmis02,10.44.255.11,Se0/1/0:3,Bell PRI Ckt# system1 01IPCD888474 - support # 416-862-1717
rAWCAmis02,10.44.255.11,Se0/1/0:4,Bell PRI Ckt# system1 01IPCD888474 - support # 416-862-1717
rAWCAmis02,10.44.255.11,Se0/1/0:5,Bell PRI Ckt# system1 01IPCD888474 - support # 416-862-1717
rAWCAmis02,10.44.255.11,Se0/1/0:6,Bell PRI Ckt# system1 01IPCD888474 - support # 416-862-1717
rAWCAmis02,10.44.255.11,Se0/1/0:7,Bell PRI Ckt# system1 01IPCD888474 - support # 416-862-1717
rAWCAmis02,10.44.255.11,Se0/1/0:8,Bell PRI Ckt# system1 01IPCD888474 - support # 416-862-1717
rAWCAmis02,10.44.255.11,Se0/1/0:9,Bell PRI Ckt# system1 01IPCD888474 - support # 416-862-1717
rAWCAmis02,10.44.255.11,Se0/1/0:10,Bell PRI Ckt# system1 01IPCD888474 - support # 416-862-1717
rAWCAmis02,10.44.255.11,Se0/1/0:11,Bell PRI Ckt# system1 01IPCD888474 - support # 416-862-1717
rAWCAmis02,10.44.255.11,Se0/1/0:12,Bell PRI Ckt# system1 01IPCD888474 - support # 416-862-1717
rAWCAmis02,10.44.255.11,Se0/1/0:13,Bell PRI Ckt# system1 01IPCD888474 - support # 416-862-1717
rAWCAmis02,10.44.255.11,Se0/1/0:14,Bell PRI Ckt# system1 01IPCD888474 - support # 416-862-1717
rAWCAmis02,10.44.255.11,Se0/1/0:15,Bell PRI Ckt# system1 01IPCD888474 - support # 416-862-1717
rAWCAmis02,10.44.255.11,Se0/1/0:16,Bell PRI Ckt# system1 01IPCD888474 - support # 416-862-1717
rAWCAmis02,10.44.255.11,Se0/1/0:17,Bell PRI Ckt# system1 01IPCD888474 - support # 416-862-1717
rAWCAmis02,10.44.255.11,Se0/1/0:18,Bell PRI Ckt# system1 01IPCD888474 - support # 416-862-1717
rAWCAmis02,10.44.255.11,Se0/1/0:19,Bell PRI Ckt# system1 01IPCD888474 - support # 416-862-1717
rAWCAmis02,10.44.255.11,Se0/1/0:20,Bell PRI Ckt# system1 01IPCD888474 - support # 416-862-1717
rAWCAmis02,10.44.255.11,Se0/1/0:21,Bell PRI Ckt# system1 01IPCD888474 - support # 416-862-1717
rAWCAmis02,10.44.255.11,Se0/1/0:22,Bell PRI Ckt# system1 01IPCD888474 - support # 416-862-1717
rAWCAmis02,10.44.255.11,Se0/1/0:23,Bell PRI Ckt# system1 01IPCD888474 - support # 416-862-1717
rAWCAmis02,10.44.255.11,Se0/1/1:0,Bell PRI Ckt# system2 01IPCD888474 - support # 416-862-1717
rAWCAmis02,10.44.255.11,Se0/1/1:1,Bell PRI Ckt# system2 01IPCD888474 - support # 416-862-1717
rAWCAmis02,10.44.255.11,Se0/1/1:2,Bell PRI Ckt# system2 01IPCD888474 - support # 416-862-1717
rAWCAmis02,10.44.255.11,Se0/1/1:3,Bell PRI Ckt# system2 01IPCD888474 - support # 416-862-1717
rAWCAmis02,10.44.255.11,Se0/1/1:4,Bell PRI Ckt# system2 01IPCD888474 - support # 416-862-1717
rAWCAmis02,10.44.255.11,Se0/1/1:5,Bell PRI Ckt# system2 01IPCD888474 - support # 416-862-1717
rAWCAmis02,10.44.255.11,Se0/1/1:6,Bell PRI Ckt# system2 01IPCD888474 - support # 416-862-1717
rAWCAmis02,10.44.255.11,Se0/1/1:7,Bell PRI Ckt# system2 01IPCD888474 - support # 416-862-1717
rAWCAmis02,10.44.255.11,Se0/1/1:8,Bell PRI Ckt# system2 01IPCD888474 - support # 416-862-1717
rAWCAmis02,10.44.255.11,Se0/1/1:9,Bell PRI Ckt# system2 01IPCD888474 - support # 416-862-1717
rAWCAmis02,10.44.255.11,Se0/1/1:10,Bell PRI Ckt# system2 01IPCD888474 - support # 416-862-1717
rAWCAmis02,10.44.255.11,Se0/1/1:11,Bell PRI Ckt# system2 01IPCD888474 - support # 416-862-1717
rAWCAmis02,10.44.255.11,Se0/1/1:12,Bell PRI Ckt# system2 01IPCD888474 - support # 416-862-1717
rAWCAmis02,10.44.255.11,Se0/1/1:13,Bell PRI Ckt# system2 01IPCD888474 - support # 416-862-1717
rAWCAmis02,10.44.255.11,Se0/1/1:14,Bell PRI Ckt# system2 01IPCD888474 - support # 416-862-1717
rAWCAmis02,10.44.255.11,Se0/1/1:15,Bell PRI Ckt# system2 01IPCD888474 - support # 416-862-1717
rAWCAmis02,10.44.255.11,Se0/1/1:16,Bell PRI Ckt# system2 01IPCD888474 - support # 416-862-1717
rAWCAmis02,10.44.255.11,Se0/1/1:17,Bell PRI Ckt# system2 01IPCD888474 - support # 416-862-1717
rAWCAmis02,10.44.255.11,Se0/1/1:18,Bell PRI Ckt# system2 01IPCD888474 - support # 416-862-1717
rAWCAmis02,10.44.255.11,Se0/1/1:19,Bell PRI Ckt# system2 01IPCD888474 - support # 416-862-1717
rAWCAmis02,10.44.255.11,Se0/1/1:20,Bell PRI Ckt# system2 01IPCD888474 - support # 416-862-1717
rAWCAmis02,10.44.255.11,Se0/1/1:21,Bell PRI Ckt# system2 01IPCD888474 - support # 416-862-1717
rAWCAmis02,10.44.255.11,Se0/1/1:22,Bell PRI Ckt# system2 01IPCD888474 - support # 416-862-1717
rAWCAmis02,10.44.255.11,Se0/1/1:23,Bell PRI Ckt# system2 01IPCD888474 - support # 416-862-1717
rAWCAmis02,10.44.255.11,SE0/2/0,
rAWCAmis02,10.44.255.11,Se0/2/0:0,Bell PRI Ckt# system3 01IPCD888474 - support # 416-862-1717
rAWCAmis02,10.44.255.11,Se0/2/0:1,Bell PRI Ckt# system3 01IPCD888474 - support # 416-862-1717
rAWCAmis02,10.44.255.11,Se0/2/0:2,Bell PRI Ckt# system3 01IPCD888474 - support # 416-862-1717
rAWCAmis02,10.44.255.11,Se0/2/0:3,Bell PRI Ckt# system3 01IPCD888474 - support # 416-862-1717
rAWCAmis02,10.44.255.11,Se0/2/0:4,Bell PRI Ckt# system3 01IPCD888474 - support # 416-862-1717
rAWCAmis02,10.44.255.11,Se0/2/0:5,Bell PRI Ckt# system3 01IPCD888474 - support # 416-862-1717
rAWCAmis02,10.44.255.11,Se0/2/0:6,Bell PRI Ckt# system3 01IPCD888474 - support # 416-862-1717
rAWCAmis02,10.44.255.11,Se0/2/0:7,Bell PRI Ckt# system3 01IPCD888474 - support # 416-862-1717
rAWCAmis02,10.44.255.11,Se0/2/0:8,Bell PRI Ckt# system3 01IPCD888474 - support # 416-862-1717
rAWCAmis02,10.44.255.11,Se0/2/0:9,Bell PRI Ckt# system3 01IPCD888474 - support # 416-862-1717
rAWCAmsa02,10.45.255.193,Gi0/0,Connection to sALCAcms01 (gi1/0/2)
74 - support # 416-862-1717
rAWCAmsa02,10.45.255.193,Gi0/1,Rodgers BAXCORP64 NOC 1-800-496-4401 - Option #3
 416-862-1717
rAWCAmis02,10.44.255.11,Se0/2/0:12,Bell PRI Ckt# system3 01IPCD888474 - support # 416-862-1717
rAWCAmis02,10.44.255.11,Se0/2/0:13,Bell PRI Ckt# system3 01IPCD888474 - support # 416-862-1717
rAWCAmsa02,10.45.255.193,Se0/0/0:1,
rAWCAmis02,10.44.255.11,Se0/2/0:14,Bell PRI Ckt# system3 01IPCD888474 - support # 416-862-1717
rAWCAmsa02,10.45.255.193,Se0/0/0:2,
rAWCAmis02,10.44.255.11,Se0/2/0:15,Bell PRI Ckt# system3 01IPCD888474 - support # 416-862-1717
rAWCAmsa02,10.45.255.193,Se0/0/0:3,
rAWCAmis02,10.44.255.11,Se0/2/0:16,Bell PRI Ckt# system3 01IPCD888474 - support # 416-862-1717
rAWCAmsa02,10.45.255.193,Se0/0/0:4,
rAWCAmis02,10.44.255.11,Se0/2/0:17,Bell PRI Ckt# system3 01IPCD888474 - support # 416-862-1717
rAWCAmsa02,10.45.255.193,Se0/0/0:5,
rAWCAmis02,10.44.255.11,Se0/2/0:18,Bell PRI Ckt# system3 01IPCD888474 - support # 416-862-1717
rAWCAmsa02,10.45.255.193,Se0/0/0:6,
rAWCAmis02,10.44.255.11,Se0/2/0:19,Bell PRI Ckt# system3 01IPCD888474 - support # 416-862-1717
rAWCAmsa02,10.45.255.193,Se0/0/0:7,
rAWCAmis02,10.44.255.11,Se0/2/0:20,Bell PRI Ckt# system3 01IPCD888474 - support # 416-862-1717
rAWCAmis02,10.44.255.11,Se0/2/0:21,Bell PRI Ckt# system3 01IPCD888474 - support # 416-862-1717
rAWCAmis02,10.44.255.11,Se0/2/0:22,Bell PRI Ckt# system3 01IPCD888474 - support # 416-862-1717
rAWCAmis02,10.44.255.11,Se0/2/0:23,Bell PRI Ckt# system3 01IPCD888474 - support # 416-862-1717
rAWCAmsa02,10.45.255.193,Se0/0/0:11,
 PRI Ckt# system4 01IPCD888474 - support # 416-862-1717
rAWCAmis02,10.44.255.11,Se0/2/1:1,Bell PRI Ckt# system4 01IPCD888474 - support # 416-862-1717
rAWCAmsa02,10.45.255.193,Se0/0/0:12,
rAWCAmsa02,10.45.255.193,Se0/0/0:13,
 PRI Ckt# system4 01IPCD888474 - support # 416-862-1717
rAWCAmis02,10.44.255.11,Se0/2/1:3,Bell PRI Ckt# system4 01IPCD888474 - support # 416-862-1717
rAWCAmsa02,10.45.255.193,Se0/0/0:15,
 PRI Ckt# system4 01IPCD888474 - support # 416-862-1717
rAWCAmis02,10.44.255.11,Se0/2/1:5,Bell PRI Ckt# system4 01IPCD888474 - support # 416-862-1717
rAWCAmsa02,10.45.255.193,Se0/0/0:17,
 PRI Ckt# system4 01IPCD888474 - support # 416-862-1717
rAWCAmsa02,10.45.255.193,Se0/0/0:18,
 PRI Ckt# system4 01IPCD888474 - support # 416-862-1717
rAWCAmsa02,10.45.255.193,Se0/0/0:19,
 PRI Ckt# system4 01IPCD888474 - support # 416-862-1717
rAWCAmsa02,10.45.255.193,Se0/0/0:20,
 PRI Ckt# system4 01IPCD888474 - support # 416-862-1717
rAWCAmsa02,10.45.255.193,Se0/0/0:21,
l PRI Ckt# system4 01IPCD888474 - support # 416-862-1717
rAWCAmis02,10.44.255.11,Se0/2/1:11,Bell PRI Ckt# system4 01IPCD888474 - support # 416-862-1717
rAWCAmis02,10.44.255.11,Se0/2/1:12,Bell PRI Ckt# system4 01IPCD888474 - support # 416-862-1717
rAWCAmsa02,10.45.255.193,Se0/0/0:23,Carrier BELL - Phone +1-416-861-1717 Ckt# 01IPCD891073 1st PRI
rAWCAmis02,10.44.255.11,Se0/2/1:14,Bell PRI Ckt# system4 01IPCD888474 - support # 416-862-1717
rAWCAmis02,10.44.255.11,Se0/2/1:15,Bell PRI Ckt# system4 01IPCD888474 - support # 416-862-1717
RI
rAWCAmis02,10.44.255.11,Se0/2/1:16,Bell PRI Ckt# system4 01IPCD888474 - support # 416-862-1717
rAWCAmsa02,10.45.255.193,Po2,Connection to sALCAcms01
(gi1/0/2)
474 - support # 416-862-1717
rAWCAmis02,10.44.255.11,Se0/2/1:18,Bell PRI Ckt# system4 01IPCD888474 - support # 416-862-1717
rAWCAmsc02,10.84.255.49,Gi0/2,Connection to sALCAmsc01 (gi2/0/2)
474 - support # 416-862-1717
rAWCAmis02,10.44.255.11,Se0/2/1:20,Bell PRI Ckt# system4 01IPCD888474 - support # 416-862-1717
rAWCAmis02,10.44.255.11,Se0/2/1:21,Bell PRI Ckt# system4 01IPCD888474 - support # 416-862-1717
rAWCAmsc02,10.84.255.49,Se0/0/0:2,
ell PRI Ckt# system4 01IPCD888474 - support # 416-862-1717
rAWCAmis02,10.44.255.11,Se0/2/1:23,Bell PRI Ckt# system4 01IPCD888474 - support # 416-862-1717
rAWCAmis02,10.44.255.11,SE0/4/0,

rAWCAmsc02,10.84.255.49,Se0/0/0:5,
rAWCAmsc02,10.84.255.49,Se0/0/0:6,
nt Loopback
rAWCAmis02,10.44.255.11,Lo5,APPNAV Loopback
rAWCAmis02,10.44.255.11,Tu0,Pim Register Tunnel (Encap) for RP 10.128.255.120
rAWCAmis02,10.44.255.11,Tu1,Pim Register Tunnel (Encap) for RP 10.128.255.128
rAWCAmis02,10.44.255.11,Tu2,Pim Register Tunnel (Encap) for RP 10.160.255.22
rAWCAmis02,10.44.255.11,Tu3,Pim Register Tunnel (Encap) for RP 10.160.255.21
rAWCAmsc02,10.84.255.49,Se0/0/0:11,
rAWCAmsc02,10.84.255.49,Se0/0/0:12,
rAWCAmsc02,10.84.255.49,Se0/0/0:13,
rAWCAmsc02,10.84.255.49,Se0/0/0:14,
rAWCAmsc02,10.84.255.49,Se0/0/0:15,
rAWCAmsc02,10.84.255.49,Se0/0/0:16,
rAWCAmsc02,10.84.255.49,Se0/0/0:17,
rAWCAmsc02,10.84.255.49,Se0/0/0:18,
rAWCAmsc02,10.84.255.49,Se0/0/0:19,
rAWCAmsc02,10.84.255.49,Se0/0/0:20,
rAWCAmsc02,10.84.255.49,Se0/0/0:21,
rAWCAmsc02,10.84.255.49,Se0/0/0:22,
rAWCAmsc02,10.84.255.49,Se0/0/0:23,6675 Millcreek Dr Megalink Ckt# 01ipcd 891686
rAWCAmsc02,10.84.255.49,Se0/0/1:0,
rAWCAmsc02,10.84.255.49,Se0/0/1:1,
rAWCAmsc02,10.84.255.49,Se0/0/1:2,
rAWCAmsc02,10.84.255.49,Se0/0/1:3,
rAWCAmsc02,10.84.255.49,Se0/0/1:4,
rAWCAmsc02,10.84.255.49,Se0/0/1:5,
rAWCAmsc02,10.84.255.49,Se0/0/1:6,
rAWCAmsc02,10.84.255.49,Se0/0/1:7,
rAWCAmsc02,10.84.255.49,Se0/0/1:8,
rAWCAmsc02,10.84.255.49,Se0/0/1:9,
rAWCAmsc02,10.84.255.49,Se0/0/1:10,
rAWCAmsc02,10.84.255.49,Se0/0/1:11,
rAWCAmsc02,10.84.255.49,Se0/0/1:12,
rAWCAmsc02,10.84.255.49,Se0/0/1:13,
rAWCAmsc02,10.84.255.49,Se0/0/1:14,
rAWCAmsc02,10.84.255.49,Se0/0/1:15,
rAWCAmsc02,10.84.255.49,Se0/0/1:16,
rAWCAmsc02,10.84.255.49,Se0/0/1:17,
rAWCAmsc02,10.84.255.49,Se0/0/1:18,
rAWCAmsc02,10.84.255.49,Se0/0/1:19,
rAWCAmsc02,10.84.255.49,Se0/0/1:20,
rAWCAmsc02,10.84.255.49,Se0/0/1:21,
rAWCAmsc02,10.84.255.49,Se0/0/1:22,
rAWCAmsc02,10.84.255.49,Se0/0/1:23,6675 Millcreek Dr Megalink Ckt# 01ipcd 891686
rAWCAmsc02,10.84.255.49,Lo0,
rAWCAmsc02,10.84.255.49,Po2,Connection to sALCAmsc01
rAWCAmis01,10.44.255.16,Gi0/0/0,Connection to sDCAmis02 (Te 1/1/1)
rAWCAmis01,10.44.255.16,Gi0/0/1,Connection to sDCAmis02 (Te 2/1/1)
rAWCAmis01,10.44.255.16,Gi0/0/2,ro=wan|ty=mpls|ca=verizon|lm=NA|cid=C1069069|bw=80|bwu=80|vl=NA
rAWCAmis01,10.44.255.16,Gi0/0/3,rAWCAmis02_G0/0/3 (iBGP Link)
rAWCAmis01,10.44.255.16,SE0/1/0,
rAWCAmis01,10.44.255.16,Se0/1/0:0,Verizon PRI Ckt# Reference ID Baxter9 Account# IC33309948 Support# 888-886-3865
rAWCAmis01,10.44.255.16,Se0/1/0:1,Verizon PRI Ckt# Reference ID Baxter9 Account# IC33309948 Support# 888-886-3865
rAWCAmis01,10.44.255.16,Se0/1/0:2,Verizon PRI Ckt# Reference ID Baxter9 Account# IC33309948 Support# 888-886-3865
rAWCAmis01,10.44.255.16,Se0/1/0:3,Verizon PRI Ckt# Reference ID Baxter9 Account# IC33309948 Support# 888-886-3865
rAWCAmis01,10.44.255.16,Se0/1/0:4,Verizon PRI Ckt# Reference ID Baxter9 Account# IC33309948 Support# 888-886-3865
rAWCAmis01,10.44.255.16,Se0/1/0:5,Verizon PRI Ckt# Reference ID Baxter9 Account# IC33309948 Support# 888-886-3865
rAWCAmis01,10.44.255.16,Se0/1/0:6,Verizon PRI Ckt# Reference ID Baxter9 Account# IC33309948 Support# 888-886-3865
rAWCAmis01,10.44.255.16,Se0/1/0:7,Verizon PRI Ckt# Reference ID Baxter9 Account# IC33309948 Support# 888-886-3865
rAWCAmis01,10.44.255.16,Se0/1/0:8,Verizon PRI Ckt# Reference ID Baxter9 Account# IC33309948 Support# 888-886-3865
rAWCAmis01,10.44.255.16,Se0/1/0:9,Verizon PRI Ckt# Reference ID Baxter9 Account# IC33309948 Support# 888-886-3865
rAWCAmis01,10.44.255.16,Se0/1/0:10,Verizon PRI Ckt# Reference ID Baxter9 Account# IC33309948 Support# 888-886-3865
rAWCAmis01,10.44.255.16,Se0/1/0:11,Verizon PRI Ckt# Reference ID Baxter9 Account# IC33309948 Support# 888-886-3865
rAWCAmis01,10.44.255.16,Se0/1/0:12,Verizon PRI Ckt# Reference ID Baxter9 Account# IC33309948 Support# 888-886-3865
rAWCAmis01,10.44.255.16,Se0/1/0:13,Verizon PRI Ckt# Reference ID Baxter9 Account# IC33309948 Support# 888-886-3865
rAWCAmis01,10.44.255.16,Se0/1/0:14,Verizon PRI Ckt# Reference ID Baxter9 Account# IC33309948 Support# 888-886-3865
rAWCAmis01,10.44.255.16,Se0/1/0:15,Verizon PRI Ckt# Reference ID Baxter9 Account# IC33309948 Support# 888-886-3865
rAWCAmis01,10.44.255.16,Se0/1/0:16,Verizon PRI Ckt# Reference ID Baxter9 Account# IC33309948 Support# 888-886-3865
rAWCAmis01,10.44.255.16,Se0/1/0:17,Verizon PRI Ckt# Reference ID Baxter9 Account# IC33309948 Support# 888-886-3865
rAWCAmis01,10.44.255.16,Se0/1/0:18,Verizon PRI Ckt# Reference ID Baxter9 Account# IC33309948 Support# 888-886-3865
rAWCAmis01,10.44.255.16,Se0/1/0:19,Verizon PRI Ckt# Reference ID Baxter9 Account# IC33309948 Support# 888-886-3865
rAWCAmis01,10.44.255.16,Se0/1/0:20,Verizon PRI Ckt# Reference ID Baxter9 Account# IC33309948 Support# 888-886-3865
rAWCAmis01,10.44.255.16,Se0/1/0:21,Verizon PRI Ckt# Reference ID Baxter9 Account# IC33309948 Support# 888-886-3865
rAWCAmis01,10.44.255.16,Se0/1/0:22,Verizon PRI Ckt# Reference ID Baxter9 Account# IC33309948 Support# 888-886-3865
rAWCAmis01,10.44.255.16,Se0/1/0:23,Verizon PRI Ckt# Reference ID Baxter9 Account# IC33309948 Support# 888-886-3865
rAWCAmis01,10.44.255.16,Se0/1/1:0,Verizon PRI Ckt# Reference ID Baxter9 Account# IC33309948 Support# 888-886-3865
rAWCAmis01,10.44.255.16,Se0/1/1:1,Verizon PRI Ckt# Reference ID Baxter9 Account# IC33309948 Support# 888-886-3865
rAWCAmis01,10.44.255.16,Se0/1/1:2,Verizon PRI Ckt# Reference ID Baxter9 Account# IC33309948 Support# 888-886-3865
rAWCAmis01,10.44.255.16,Se0/1/1:3,Verizon PRI Ckt# Reference ID Baxter9 Account# IC33309948 Support# 888-886-3865
rAWCAmis01,10.44.255.16,Se0/1/1:4,Verizon PRI Ckt# Reference ID Baxter9 Account# IC33309948 Support# 888-886-3865
rAWCAmis01,10.44.255.16,Se0/1/1:5,Verizon PRI Ckt# Reference ID Baxter9 Account# IC33309948 Support# 888-886-3865
rAWCAmis01,10.44.255.16,Se0/1/1:6,Verizon PRI Ckt# Reference ID Baxter9 Account# IC33309948 Support# 888-886-3865
rAWCAmis01,10.44.255.16,Se0/1/1:7,Verizon PRI Ckt# Reference ID Baxter9 Account# IC33309948 Support# 888-886-3865
rAWCAmis01,10.44.255.16,Se0/1/1:8,Verizon PRI Ckt# Reference ID Baxter9 Account# IC33309948 Support# 888-886-3865
rAWCAmis01,10.44.255.16,Se0/1/1:9,Verizon PRI Ckt# Reference ID Baxter9 Account# IC33309948 Support# 888-886-3865
rAWCAmis01,10.44.255.16,Se0/1/1:10,Verizon PRI Ckt# Reference ID Baxter9 Account# IC33309948 Support# 888-886-3865
rAWCAmis01,10.44.255.16,Se0/1/1:11,Verizon PRI Ckt# Reference ID Baxter9 Account# IC33309948 Support# 888-886-3865
rAWCAmis01,10.44.255.16,Se0/1/1:12,Verizon PRI Ckt# Reference ID Baxter9 Account# IC33309948 Support# 888-886-3865
rAWCAmis01,10.44.255.16,Se0/1/1:13,Verizon PRI Ckt# Reference ID Baxter9 Account# IC33309948 Support# 888-886-3865
rAWCAmis01,10.44.255.16,Se0/1/1:14,Verizon PRI Ckt# Reference ID Baxter9 Account# IC33309948 Support# 888-886-3865
rAWCAmis01,10.44.255.16,Se0/1/1:15,Verizon PRI Ckt# Reference ID Baxter9 Account# IC33309948 Support# 888-886-3865
rAWCAmis01,10.44.255.16,Se0/1/1:16,Verizon PRI Ckt# Reference ID Baxter9 Account# IC33309948 Support# 888-886-3865
rAWCAmis01,10.44.255.16,Se0/1/1:17,Verizon PRI Ckt# Reference ID Baxter9 Account# IC33309948 Support# 888-886-3865
rAWCAmis01,10.44.255.16,Se0/1/1:18,Verizon PRI Ckt# Reference ID Baxter9 Account# IC33309948 Support# 888-886-3865
rAWCAmis01,10.44.255.16,Se0/1/1:19,Verizon PRI Ckt# Reference ID Baxter9 Account# IC33309948 Support# 888-886-3865
rAWCAmis01,10.44.255.16,Se0/1/1:20,Verizon PRI Ckt# Reference ID Baxter9 Account# IC33309948 Support# 888-886-3865
rAWCAmis01,10.44.255.16,Se0/1/1:21,Verizon PRI Ckt# Reference ID Baxter9 Account# IC33309948 Support# 888-886-3865
rAWCAmis01,10.44.255.16,Se0/1/1:22,Verizon PRI Ckt# Reference ID Baxter9 Account# IC33309948 Support# 888-886-3865
rAWCAmis01,10.44.255.16,Se0/1/1:23,Verizon PRI Ckt# Reference ID Baxter9 Account# IC33309948 Support# 888-886-3865
rAWCAmis01,10.44.255.16,SE0/2/0,
rAWCAmis01,10.44.255.16,Se0/2/0:0,Verizon PRI Ckt# Reference ID Baxter9 Account# IC33309948 Support# 888-886-3865
rAWCAmis01,10.44.255.16,Se0/2/0:1,Verizon PRI Ckt# Reference ID Baxter9 Account# IC33309948 Support# 888-886-3865
rAWCAmis01,10.44.255.16,Se0/2/0:2,Verizon PRI Ckt# Reference ID Baxter9 Account# IC33309948 Support# 888-886-3865
rAWCAmis01,10.44.255.16,Se0/2/0:3,Verizon PRI Ckt# Reference ID Baxter9 Account# IC33309948 Support# 888-886-3865
rAWCAmis01,10.44.255.16,Se0/2/0:4,Verizon PRI Ckt# Reference ID Baxter9 Account# IC33309948 Support# 888-886-3865
rAWCAmis01,10.44.255.16,Se0/2/0:5,Verizon PRI Ckt# Reference ID Baxter9 Account# IC33309948 Support# 888-886-3865
rAWCAmis01,10.44.255.16,Se0/2/0:6,Verizon PRI Ckt# Reference ID Baxter9 Account# IC33309948 Support# 888-886-3865
rAWCAmis01,10.44.255.16,Se0/2/0:7,Verizon PRI Ckt# Reference ID Baxter9 Account# IC33309948 Support# 888-886-3865
rAWCAmis01,10.44.255.16,Se0/2/0:8,Verizon PRI Ckt# Reference ID Baxter9 Account# IC33309948 Support# 888-886-3865
rAWCAmis01,10.44.255.16,Se0/2/0:9,Verizon PRI Ckt# Reference ID Baxter9 Account# IC33309948 Support# 888-886-3865
rAWCAmis01,10.44.255.16,Se0/2/0:10,Verizon PRI Ckt# Reference ID Baxter9 Account# IC33309948 Support# 888-886-3865
rAWCAmis01,10.44.255.16,Se0/2/0:11,Verizon PRI Ckt# Reference ID Baxter9 Account# IC33309948 Support# 888-886-3865
rAWCAmis01,10.44.255.16,Se0/2/0:12,Verizon PRI Ckt# Reference ID Baxter9 Account# IC33309948 Support# 888-886-3865
rAWCAmis01,10.44.255.16,Se0/2/0:13,Verizon PRI Ckt# Reference ID Baxter9 Account# IC33309948 Support# 888-886-3865
rAWCAmis01,10.44.255.16,Se0/2/0:14,Verizon PRI Ckt# Reference ID Baxter9 Account# IC33309948 Support# 888-886-3865
rAWCAmis01,10.44.255.16,Se0/2/0:15,Verizon PRI Ckt# Reference ID Baxter9 Account# IC33309948 Support# 888-886-3865
rAWCAmis01,10.44.255.16,Se0/2/0:16,Verizon PRI Ckt# Reference ID Baxter9 Account# IC33309948 Support# 888-886-3865
rAWCAmis01,10.44.255.16,Se0/2/0:17,Verizon PRI Ckt# Reference ID Baxter9 Account# IC33309948 Support# 888-886-3865
rAWCAmis01,10.44.255.16,Se0/2/0:18,Verizon PRI Ckt# Reference ID Baxter9 Account# IC33309948 Support# 888-886-3865
rAWCAmis01,10.44.255.16,Se0/2/0:19,Verizon PRI Ckt# Reference ID Baxter9 Account# IC33309948 Support# 888-886-3865
rAWCAmis01,10.44.255.16,Se0/2/0:20,Verizon PRI Ckt# Reference ID Baxter9 Account# IC33309948 Support# 888-886-3865
rAWCAmis01,10.44.255.16,Se0/2/0:21,Verizon PRI Ckt# Reference ID Baxter9 Account# IC33309948 Support# 888-886-3865
rAWCAmis01,10.44.255.16,Se0/2/0:22,Verizon PRI Ckt# Reference ID Baxter9 Account# IC33309948 Support# 888-886-3865
rAWCAmis01,10.44.255.16,Se0/2/0:23,Verizon PRI Ckt# Reference ID Baxter9 Account# IC33309948 Support# 888-886-3865
rAWCAmis01,10.44.255.16,Se0/2/1:0,Verizon PRI Ckt# Reference ID Baxter9 Account# IC33309948 Support# 888-886-3865
rAWCAmis01,10.44.255.16,Se0/2/1:1,Verizon PRI Ckt# Reference ID Baxter9 Account# IC33309948 Support# 888-886-3865
rAWCAmis01,10.44.255.16,Se0/2/1:2,Verizon PRI Ckt# Reference ID Baxter9 Account# IC33309948 Support# 888-886-3865
rAWCAmis01,10.44.255.16,Se0/2/1:3,Verizon PRI Ckt# Reference ID Baxter9 Account# IC33309948 Support# 888-886-3865
rAWCAmis01,10.44.255.16,Se0/2/1:4,Verizon PRI Ckt# Reference ID Baxter9 Account# IC33309948 Support# 888-886-3865
rAWCAmis01,10.44.255.16,Se0/2/1:5,Verizon PRI Ckt# Reference ID Baxter9 Account# IC33309948 Support# 888-886-3865
rAWCAmis01,10.44.255.16,Se0/2/1:6,Verizon PRI Ckt# Reference ID Baxter9 Account# IC33309948 Support# 888-886-3865
rAWCAmis01,10.44.255.16,Se0/2/1:7,Verizon PRI Ckt# Reference ID Baxter9 Account# IC33309948 Support# 888-886-3865
rAWCAmis01,10.44.255.16,Se0/2/1:8,Verizon PRI Ckt# Reference ID Baxter9 Account# IC33309948 Support# 888-886-3865
rAWCAmis01,10.44.255.16,Se0/2/1:9,Verizon PRI Ckt# Reference ID Baxter9 Account# IC33309948 Support# 888-886-3865
rAWCAmis01,10.44.255.16,Se0/2/1:10,Verizon PRI Ckt# Reference ID Baxter9 Account# IC33309948 Support# 888-886-3865
rAWCAmis01,10.44.255.16,Se0/2/1:11,Verizon PRI Ckt# Reference ID Baxter9 Account# IC33309948 Support# 888-886-3865
rAWCAmis01,10.44.255.16,Se0/2/1:12,Verizon PRI Ckt# Reference ID Baxter9 Account# IC33309948 Support# 888-886-3865
rAWCAmis01,10.44.255.16,Se0/2/1:13,Verizon PRI Ckt# Reference ID Baxter9 Account# IC33309948 Support# 888-886-3865
rAWCAmis01,10.44.255.16,Se0/2/1:14,Verizon PRI Ckt# Reference ID Baxter9 Account# IC33309948 Support# 888-886-3865
rAWCAmis01,10.44.255.16,Se0/2/1:15,Verizon PRI Ckt# Reference ID Baxter9 Account# IC33309948 Support# 888-886-3865
rAWCAmis01,10.44.255.16,Se0/2/1:16,Verizon PRI Ckt# Reference ID Baxter9 Account# IC33309948 Support# 888-886-3865
rAWCAmis01,10.44.255.16,Se0/2/1:17,Verizon PRI Ckt# Reference ID Baxter9 Account# IC33309948 Support# 888-886-3865
rAWCAmis01,10.44.255.16,Se0/2/1:18,Verizon PRI Ckt# Reference ID Baxter9 Account# IC33309948 Support# 888-886-3865
rAWCAmis01,10.44.255.16,Se0/2/1:19,Verizon PRI Ckt# Reference ID Baxter9 Account# IC33309948 Support# 888-886-3865
rAWCAmis01,10.44.255.16,Se0/2/1:20,Verizon PRI Ckt# Reference ID Baxter9 Account# IC33309948 Support# 888-886-3865
rAWCAmis01,10.44.255.16,Se0/2/1:21,Verizon PRI Ckt# Reference ID Baxter9 Account# IC33309948 Support# 888-886-3865
rAWCAmis01,10.44.255.16,Se0/2/1:22,Verizon PRI Ckt# Reference ID Baxter9 Account# IC33309948 Support# 888-886-3865
rAWCAmis01,10.44.255.16,Se0/2/1:23,Verizon PRI Ckt# Reference ID Baxter9 Account# IC33309948 Support# 888-886-3865
rAWCAmis01,10.44.255.16,SE0/4/0,
rAWCAmis01,10.44.255.16,Lo0,Management Loopback
rAWCAmis01,10.44.255.16,Lo5,APPNAVt Loopback
rAWCAmis01,10.44.255.16,Tu0,Pim Register Tunnel (Encap) for RP 10.128.255.120
rAWCAmis01,10.44.255.16,Tu1,Pim Register Tunnel (Encap) for RP 10.128.255.128
rAWCAmis01,10.44.255.16,Tu2,Pim Register Tunnel (Encap) for RP 10.160.255.22
rAWCAmis01,10.44.255.16,Tu3,Pim Register Tunnel (Encap) for RP 10.160.255.21
rAWCAmsa01,10.45.255.192,Gi0/0,Connection to sALCAmsa01 (gi1/0/1)
rAWCAmsa01,10.45.255.192,Gi0/1,Verizon MPLS CID: mississauga-on-can_w1b89255-5708648
rAWCAmsa01,10.45.255.192,Gi0/2,Connection to sALCAmsa01 (gi2/0/1)
rAWCAmsa01,10.45.255.192,Lo0,
rAWCAmsa01,10.45.255.192,Po1,Connection to sALCAmsa01
rAWCAmsa01,10.45.255.192,Tu0,Pim Register Tunnel (Encap) for RP 10.128.255.120
rAWCAmsa01,10.45.255.192,Tu1,Pim Register Tunnel (Encap) for RP 10.128.255.128
rAWCAmsa01,10.45.255.192,Tu2,Pim Register Tunnel (Encap) for RP 10.160.255.22
rALCAall100,10.44.255.33,Gi0/0/0,Connection to sCLCAall02 E1/16
rALCAall100,10.44.255.33,Gi0/0/1,Connection to sCLCAall02 E2/16
rALCAall100,10.44.255.33,As0/1/0,
rALCAall100,10.44.255.33,As0/1/1,
rALCAall100,10.44.255.33,As0/1/2,
rALCAall100,10.44.255.33,As0/1/3,
rALCAall100,10.44.255.33,As0/1/4,
rALCAall100,10.44.255.33,As0/1/5,
rALCAall100,10.44.255.33,As0/1/6,
rALCAall100,10.44.255.33,As0/1/7,
rALCAall100,10.44.255.33,As0/1/8,
rALCAall100,10.44.255.33,As0/1/9,
rALCAall100,10.44.255.33,As0/1/10,
rALCAall100,10.44.255.33,As0/1/11,
rALCAall100,10.44.255.33,As0/1/12,
rALCAall100,10.44.255.33,As0/1/13,
rALCAall100,10.44.255.33,As0/1/14,
rALCAall100,10.44.255.33,As0/1/15,
rALCAall100,10.44.255.33,As0/1/16,
rALCAall100,10.44.255.33,As0/1/17,
rALCAall100,10.44.255.33,As0/1/18,
rALCAall100,10.44.255.33,As0/1/19,
rALCAall100,10.44.255.33,As0/1/20,
rALCAall100,10.44.255.33,As0/1/21,
rALCAall100,10.44.255.33,As0/1/22,
rALCAall100,10.44.255.33,As0/1/23,
rALCAall100,10.44.255.33,Gi0,
rALCAall100,10.44.255.33,Gr0,
rALCAall100,10.44.255.33,Lo0,Alliston Terminal Server
rALCAall100,10.44.255.33,Po1,Connection to sDLCAall(Po1)
rAWCOcaa98,10.58.255.115,Gi0/0,tosDLCOcaa02 Gig2/2/21
rAWCOcaa98,10.58.255.115,Gi0/1,tosDLCOcaa02 Gig1/2/21
rAWCOcaa98,10.58.255.115,Gi0/2,
rAWCOcaa98,10.58.255.115,Lo0,
rAWCOcaa98,10.58.255.115,Po1,
rAWCOcaa97,10.58.255.75,Gi0/0,Connection to sDLCOcaa02 (Gig 2/2/22)
rAWCOcaa97,10.58.255.75,Gi0/1,Connection to sDLCOcaa02 (Gig 1/2/22)
rAWCOcaa97,10.58.255.75,Se0/0/1:0,
rAWCOcaa97,10.58.255.75,Se0/0/1:1,
rAWCOcaa97,10.58.255.75,Se0/0/1:2,
rAWCOcaa97,10.58.255.75,Se0/0/1:3,
rAWCOcaa97,10.58.255.75,Se0/0/1:4,
rAWCOcaa97,10.58.255.75,Se0/0/1:5,
rAWCOcaa97,10.58.255.75,Se0/0/1:6,
rAWCOcaa97,10.58.255.75,Se0/0/1:7,
rAWCOcaa97,10.58.255.75,Se0/0/1:8,
rAWCOcaa97,10.58.255.75,Se0/0/1:9,
rAWCOcaa97,10.58.255.75,Se0/0/1:10,
rAWCOcaa97,10.58.255.75,Se0/0/1:11,
rAWCOcaa97,10.58.255.75,Se0/0/1:12,
rAWCOcaa97,10.58.255.75,Se0/0/1:13,
rAWCOcaa97,10.58.255.75,Se0/0/1:14,
rAWCOcaa97,10.58.255.75,Se0/0/1:15,
rAWCOcaa97,10.58.255.75,Se0/0/1:16,
rAWCOcaa97,10.58.255.75,Se0/0/1:17,
rAWCOcaa97,10.58.255.75,Se0/0/1:18,
rAWCOcaa97,10.58.255.75,Se0/0/1:19,
rAWCOcaa97,10.58.255.75,Se0/0/1:20,
rAWCOcaa97,10.58.255.75,Se0/0/1:21,
rAWCOcaa97,10.58.255.75,Se0/0/1:22,
rAWCOcaa97,10.58.255.75,Se0/0/1:23,
rAWCOcaa97,10.58.255.75,Se0/0/1:24,
rAWCOcaa97,10.58.255.75,Se0/0/1:25,
rAWCOcaa97,10.58.255.75,Se0/0/1:26,
rAWCOcaa97,10.58.255.75,Se0/0/1:27,
rAWCOcaa97,10.58.255.75,Se0/0/1:28,
rAWCOcaa97,10.58.255.75,Se0/0/1:29,
rAWCOcaa97,10.58.255.75,Se0/0/1:30,
rAWCOcaa97,10.58.255.75,Lo0,
rAWCOcaa97,10.58.255.75,Po1,Connection to sDLCOcaa02
rAWCLsdc01,10.71.255.35,Gi0/0/0,ro=wan|ty=mpls|ca=verizon|lm=NA|cid=C0124832|bw=6|bwu=6|vl=NA
rAWCLsdc01,10.71.255.35,Gi0/0/1,** L2L GTD to Santiago Office **
rAWCLsdc01,10.71.255.35,Gi0/0/2,** GTD 5Mbps Internet CID#137267 (+562-24139030) **
rAWCLsdc01,10.71.255.35,SE0/1/0,
rAWCLsdc01,10.71.255.35,Se0/1/0:0,** +5626202100 Tieline 703 **
rAWCLsdc01,10.71.255.35,Se0/1/0:1,** +5626202100 Tieline 703 **
rAWCLsdc01,10.71.255.35,Se0/1/0:2,** +5626202100 Tieline 703 **
rAWCLsdc01,10.71.255.35,Se0/1/0:3,** +5626202100 Tieline 703 **
rAWCLsdc01,10.71.255.35,Se0/1/0:4,** +5626202100 Tieline 703 **
rAWCLsdc01,10.71.255.35,Se0/1/0:5,** +5626202100 Tieline 703 **
rAWCLsdc01,10.71.255.35,Se0/1/0:6,** +5626202100 Tieline 703 **
rAWCLsdc01,10.71.255.35,Se0/1/0:7,** +5626202100 Tieline 703 **
rAWCLsdc01,10.71.255.35,Se0/1/0:8,** +5626202100 Tieline 703 **
rAWCLsdc01,10.71.255.35,Se0/1/0:9,** +5626202100 Tieline 703 **
rAWCLsdc01,10.71.255.35,Se0/1/0:10,** +5626202100 Tieline 703 **
rAWCLsdc01,10.71.255.35,Se0/1/0:11,** +5626202100 Tieline 703 **
rAWCLsdc01,10.71.255.35,Se0/1/0:12,** +5626202100 Tieline 703 **
rAWCLsdc01,10.71.255.35,Se0/1/0:13,** +5626202100 Tieline 703 **
rAWCLsdc01,10.71.255.35,Se0/1/0:14,** +5626202100 Tieline 703 **
rAWCLsdc01,10.71.255.35,Se0/1/0:15,** +5626202100 Tieline 703 **
rAWCLsdc01,10.71.255.35,SE0/4/0,
rAWCLsdc01,10.71.255.35,Et1/0/0,
rAWCLsdc01,10.71.255.35,Et1/0/1,
rAWCLsdc01,10.71.255.35,Gi0,
rAWCLsdc01,10.71.255.35,BD1,** Bridge Virtual 1 **
rAWCLsdc01,10.71.255.35,Lo0,** Loopback 0 **
rAWCLsdc01,10.71.255.35,Lo1,** GRE Loopback **
rAWCLsdc01,10.71.255.35,Lo3,** Voice Loop to CM **
rAWCLsdc01,10.71.255.35,Tu37506,** GRE Tunnel to Sao Paulo iPOP **
rAWCLsgi01,10.71.255.36,Gi0/0/0,** Reserved to Verizon **
rAWCLsgi01,10.71.255.36,Gi0/0/0.2540,Verizon MPLS VPN: Baxter; Site-Circuit: providencia-metropolitana-de-santiago-chl_c0138752-202877325-5957656
rAWCLsgi01,10.71.255.36,Gi0/0/1,** L2L 100Mbps - GTD to Santiago Cortijo WH
rAWCLsgi01,10.71.255.36,Gi0/0/2,
rAWCLsgi01,10.71.255.36,SE0/1/0,
rAWCLsgi01,10.71.255.36,SE0/4/0,
rAWCLsgi01,10.71.255.36,Et1/0/0,
rAWCLsgi01,10.71.255.36,Et1/0/1,
rAWCLsgi01,10.71.255.36,BD1,** Bridge Virtual 1 **
rAWCLsgi01,10.71.255.36,Lo0,** Loopback 0 **
rAWCOcaa02,10.58.255.8,Gi0/0/0,Connected to sDLCOcaa02 Gi1/4/24
rAWCOcaa02,10.58.255.8,Gi0/0/0.201,
rAWCOcaa02,10.58.255.8,Gi0/0/1,Connected to sDLCOcaa02 Gi2/4/24
rAWCOcaa02,10.58.255.8,Gi0/0/1.203,
rAWCOcaa02,10.58.255.8,Gi0/0/2,ETB_BK_ID000CI1090251_LABOR_BAXTER_CAL_C36K2
rAWCOcaa02,10.58.255.8,Gi0/0/3,to ETB D-Marc
rAWCOcaa02,10.58.255.8,Gi0/0/3.101,ETB_RF_CAV30327778_CAL_C36K2_D_BK
rAWCOcaa02,10.58.255.8,SE0/1/0,
rAWCOcaa02,10.58.255.8,SE0/4/0,
rAWCOcaa02,10.58.255.8,uc1/0/0,
rAWCOcaa02,10.58.255.8,uc1/0/1,
rAWCOcaa02,10.58.255.8,Lo0,
rAWCOcaa02,10.58.255.8,Lo1001,FLEXVPN_LOOPBACK_TO_CHICAGO
rAWCOcaa02,10.58.255.8,Lo1002,FLEXVPN_LOOPBACK_TO_ASHBURN
rAWCOcaa02,10.58.255.8,Tu101,To Zscaler Miami II mia2-vpn.zscloud.net-826655
rAWCOcaa02,10.58.255.8,Tu201,To Zscaler Atlanta II atl2-vpn.zscloud.net-826655
rAWCOcaa02,10.58.255.8,Tu11280,PRIMARY_FLEXVPN_TUNNEL_TO_CHICAGO_rIWUSchi03
rAWCOcaa01,10.58.255.26,Gi0/0/0,sDLCOcaa02 Gi1/4/23
rAWCOcaa01,10.58.255.26,Gi0/0/0.201,
rAWCOcaa01,10.58.255.26,Gi0/0/1,sDLCOcaa02 Gi2/4/23
rAWCOcaa01,10.58.255.26,Gi0/0/1.203,
rAWCOcaa01,10.58.255.26,Gi0/0/2,Verizon MPLS VPN: Baxter; Site-Circuit: cali-valle-del-cauca-col_c1055508-171886405-5884613
rAWCOcaa01,10.58.255.26,Gi0/0/3,
rAWCOcaa01,10.58.255.26,Gi0/0/3.101,
rAWCOcaa01,10.58.255.26,Gi0/0/3.102,
rAWCOcaa01,10.58.255.26,Gi0/0/3.2557,ETB_FO_CAV30CI896127_CAL_C36K2C_PPAL_D
rAWCOcaa01,10.58.255.26,Lo0,MGMT Loopback
rAWCOcaa01,10.58.255.26,Tu0,GRE Tunnel for mcast to #0016 Deerfield (ded15)
rAWCOcad01,10.59.255.32,Gi0/0/0,** sDLCOcad01 **
rAWCOcad01,10.59.255.32,Gi0/0/1,** sDLCOcad01 **
rAWCOcad01,10.59.255.32,Gi0/1/0,Connected to ETB modem
rAWCOcad01,10.59.255.32,Gi0/1/0.368,MPLS_02 ETB CID:CAV30471955 10Mbps
rAWCOcad01,10.59.255.32,Lo0,** MGMT Loop0 **
rAWCOcad01,10.59.255.32,Po1,** to sDLCOcad01 **
rAWCOcad01,10.59.255.32,Po1.100,** DATA VLAN 100 **
rAWCOcad01,10.59.255.32,Po1.201,** Infra VLAN 201 **
rAWCOcad01,10.59.255.32,Po1.203,** Infra VLAN 203 **
rAWCOcad01,10.59.255.32,Po1.308,** Infra VLAN 308 **
rAWCOcad01,10.59.255.32,Po1.312,** Infra VLAN 312 **
rAWCOcad01,10.59.255.32,Po1.324,** Infra VLAN 324 **
rAWCOcad01,10.59.255.32,Po1.398,** Infra VLAN 398 **
rAWCOpee01,10.59.255.57,Gi0/0/0,** sDLCOpee01 **
rAWCOpee01,10.59.255.57,Gi0/0/1,** sDLCOpee01 **
rAWCOpee01,10.59.255.57,Gi0/1/0,Connected to ETB modem
rAWCOpee01,10.59.255.57,Gi0/1/0.153,MPLS_02 ETB CID:CAV30154527 10Mbps
rAWCOpee01,10.59.255.57,Lo0,** MGMT Loop0 **
rAWCOpee01,10.59.255.57,Po1,** to sDLCOpee01 **
rAWCOpee01,10.59.255.57,Po1.100,** DATA VLAN 100 **
rAWCOpee01,10.59.255.57,Po1.201,** Infra VLAN 201 **
rAWCOpee01,10.59.255.57,Po1.203,** Infra VLAN 203 **
rAWCOpee01,10.59.255.57,Po1.308,** Infra VLAN 308 **
rAWCOpee01,10.59.255.57,Po1.312,** Infra VLAN 312 **
rAWCOpee01,10.59.255.57,Po1.324,** Infra VLAN 324 **
rAWCOpee01,10.59.255.57,Po1.398,** Infra VLAN 398 **
rAWCOtul01,10.59.255.62,Gi0/0/0,** sDLCOtul01 **
rAWCOtul01,10.59.255.62,Gi0/0/1,** sDLCOtul01 **
rAWCOtul01,10.59.255.62,Gi0/1/0,Connected to ETB modem
rAWCOtul01,10.59.255.62,Gi0/1/0.877,MPLS_02 ETB CID:CAV30167767 10Mbps
rAWCOtul01,10.59.255.62,Lo0,** MGMT Loop0 **
rAWCOtul01,10.59.255.62,Po1,** to sDLCOtul01 **
rAWCOtul01,10.59.255.62,Po1.100,** DATA VLAN 100 **
rAWCOtul01,10.59.255.62,Po1.201,** Infra VLAN 201 **
rAWCOtul01,10.59.255.62,Po1.203,** Infra VLAN 203 **
rAWCOtul01,10.59.255.62,Po1.308,** Infra VLAN 308 **
rAWCOtul01,10.59.255.62,Po1.312,** Infra VLAN 312 **
rAWCOtul01,10.59.255.62,Po1.324,** Infra VLAN 324 **
rAWCOtul01,10.59.255.62,Po1.398,** Infra VLAN 398 **
rAWCOmli01,10.59.255.165,Gi0/0/0,** sDLCOmli01 **
rAWCOmli01,10.59.255.165,Gi0/0/1,** sDLCOmli01 **
rAWCOmli01,10.59.255.165,Gi0/1/0,CONNECTED TO ETB MODEM
rAWCOmli01,10.59.255.165,Gi0/1/0.101,
rAWCOmli01,10.59.255.165,Gi0/1/0.847,MPLS_02 ETB CID:CAV30157570 20Mbps
rAWCOmli01,10.59.255.165,Lo0,** MGMT Loop0 **
rAWCOmli01,10.59.255.165,Po1,** sDLCOmli01 **
rAWCOmli01,10.59.255.165,Po1.100,** DATA VLAN 100 **
rAWCOmli01,10.59.255.165,Po1.201,** Infra VLAN 201 **
rAWCOmli01,10.59.255.165,Po1.203,** Infra VLAN 203 **
rAWCOmli01,10.59.255.165,Po1.308,** Infra VLAN 308 **
rAWCOmli01,10.59.255.165,Po1.312,** Infra VLAN 312 **
rAWCOmli01,10.59.255.165,Po1.324,** Infra VLAN 324 **
rAWCOmli01,10.59.255.165,Po1.398,** Infra VLAN 398 **
rAWCOclc01,10.59.255.36,Gi0/0,** sDLCOclc01 **
rAWCOclc01,10.59.255.36,Gi0/1,** sDLCOclc01 **
rAWCOclc01,10.59.255.36,Fa0/3/0,Connected to ETB modem
rAWCOclc01,10.59.255.36,Fa0/3/0.473,MPLS_02 ETB CID:CAV30CI1051834 10Mbps
rAWCOclc01,10.59.255.36,As0/0/0,
rAWCOclc01,10.59.255.36,Lo0,** MGMT Loop0 **
rAWCOclc01,10.59.255.36,Po1,** to sDLCOclc01 **
rAWCOclc01,10.59.255.36,Po1.100,** DATA VLAN 100 **
rAWCOclc01,10.59.255.36,Po1.201,** Infra VLAN 201 **
rAWCOclc01,10.59.255.36,Po1.203,** Infra VLAN 203 **
rAWCOclc01,10.59.255.36,Po1.308,** Infra VLAN 308 **
rAWCOclc01,10.59.255.36,Po1.312,** Infra VLAN 312 **
rAWCOclc01,10.59.255.36,Po1.324,** Infra VLAN 324 **
rAWCOclc01,10.59.255.36,Po1.398,** Infra VLAN 398 **
rAWCOplm01,10.59.255.196,Gi0/0/0,** sDLCOplm01 **
rAWCOplm01,10.59.255.196,Gi0/0/1,** sDLCOplm01 **
rAWCOplm01,10.59.255.196,Gi0/1/0,Connected to ETB modem
rAWCOplm01,10.59.255.196,Gi0/1/0.417,MPLS_02 ETB CID:CAV30CI991109 10Mbps
rAWCOplm01,10.59.255.196,Lo0,** MGMT Loop0 **
rAWCOplm01,10.59.255.196,Po1,** to sDLCOplm01 **
rAWCOplm01,10.59.255.196,Po1.100,** DATA VLAN 100 **
rAWCOplm01,10.59.255.196,Po1.201,** Infra VLAN 201 **
rAWCOplm01,10.59.255.196,Po1.203,** Infra VLAN 203 **
rAWCOplm01,10.59.255.196,Po1.308,** Infra VLAN 308 **
rAWCOplm01,10.59.255.196,Po1.312,** Infra VLAN 312 **
rAWCOplm01,10.59.255.196,Po1.324,** Infra VLAN 324 **
rAWCOplm01,10.59.255.196,Po1.398,** Infra VLAN 398 **
rAWCObtc01,10.59.255.216,Gi0/0/0,** sDLCObtc01 **
rAWCObtc01,10.59.255.216,Gi0/0/1,** sDLCObtc01 **
rAWCObtc01,10.59.255.216,Gi0/1/0,Connected to ETB modem
rAWCObtc01,10.59.255.216,Gi0/1/0.101,MPLS_02 ETB CID:CAV30CI1064836 10Mbps
rAWCObtc01,10.59.255.216,Lo0,** MGMT Loop0 **
rAWCObtc01,10.59.255.216,Po1,** to sDLCObtc01 **
rAWCObtc01,10.59.255.216,Po1.100,** DATA VLAN 100 **
rAWCObtc01,10.59.255.216,Po1.201,** Infra VLAN 201 **
rAWCObtc01,10.59.255.216,Po1.203,** Infra VLAN 203 **
rAWCObtc01,10.59.255.216,Po1.308,** Infra VLAN 308 **
rAWCObtc01,10.59.255.216,Po1.312,** Infra VLAN 312 **
rAWCObtc01,10.59.255.216,Po1.324,** Infra VLAN 324 **
rAWCObtc01,10.59.255.216,Po1.398,** Infra VLAN 398 **
rAWCOsni01,10.59.255.162,Gi0/0/0,** sDLCOsni01 **
rAWCOsni01,10.59.255.162,Gi0/0/1,** sDLCOsni01 **
rAWCOsni01,10.59.255.162,Gi0/1/0,Connected to ETB modem
rAWCOsni01,10.59.255.162,Gi0/1/0.101,
rAWCOsni01,10.59.255.162,Gi0/1/0.170,MPLS_02 ETB CID:CAV30CI994360 10Mbps
rAWCOsni01,10.59.255.162,Lo0,** MGMT Loop0 **
rAWCOsni01,10.59.255.162,Po1,** to sDLCOsni01 **
rAWCOsni01,10.59.255.162,Po1.100,** DATA VLAN 100 **
rAWCOsni01,10.59.255.162,Po1.201,** Infra VLAN 201 **
rAWCOsni01,10.59.255.162,Po1.203,** Infra VLAN 203 **
rAWCOsni01,10.59.255.162,Po1.308,** Infra VLAN 308 **
rAWCOsni01,10.59.255.162,Po1.312,** Infra VLAN 312 **
rAWCOsni01,10.59.255.162,Po1.324,** Infra VLAN 324 **
rAWCOsni01,10.59.255.162,Po1.398,** Infra VLAN 398 **
rAWCOocn01,10.59.255.183,Gi0/0/0,** sDLCOocn01 **
rAWCOocn01,10.59.255.183,Gi0/0/1,** sDLCOocn01 **
rAWCOocn01,10.59.255.183,Gi0/1/0,Connected to ETB modem
rAWCOocn01,10.59.255.183,Gi0/1/0.655,MPLS_02 ETB CID:CAV30-CI885666 10Mbps
rAWCOocn01,10.59.255.183,Lo0,** MGMT Loop0 **
rAWCOocn01,10.59.255.183,Po1,** to sDLCOocn01 **
rAWCOocn01,10.59.255.183,Po1.100,** DATA VLAN 100 **
rAWCOocn01,10.59.255.183,Po1.201,** Infra VLAN 201 **
rAWCOocn01,10.59.255.183,Po1.203,** Infra VLAN 203 **
rAWCOocn01,10.59.255.183,Po1.308,** Infra VLAN 308 **
rAWCOocn01,10.59.255.183,Po1.312,** Infra VLAN 312 **
rAWCOocn01,10.59.255.183,Po1.324,** Infra VLAN 324 **
rAWCOocn01,10.59.255.183,Po1.398,** Infra VLAN 398 **
rAWCObar01,10.58.255.30,Gi0/0,Connection to sALCObar01 Gi1/0/1
rAWCObar01,10.58.255.30,Gi0/0.100,VLAN 100
rAWCObar01,10.58.255.30,Gi0/0.101,VLAN 101
rAWCObar01,10.58.255.30,Gi0/0.300,VLAN_300-WLAN_BaxOffice
rAWCObar01,10.58.255.30,Gi0/0.308,VLAN_308-WLAN_APs
rAWCObar01,10.58.255.30,Gi0/0.324,VLAN 324 WLAN (BaxMobility)
rAWCObar01,10.58.255.30,Gi0/0.398,VLAN_398-WLAN_Mgmt
rAWCObar01,10.58.255.30,Gi0/1,Connected FO_ETH
rAWCObar01,10.58.255.30,Gi0/1.131,ETB MPLS CAV30244988_BAR_C94K51
rAWCObar01,10.58.255.30,Fa0/0/0,ETB SIP IPT00CI1067753_BAR_C94K51_V
rAWCObar01,10.58.255.30,As0/1/0,
rAWCObar01,10.58.255.30,Lo0,
rAWCOval01,10.59.255.64,Gi0/0/0,** sDLCOval01 **
rAWCOval01,10.59.255.64,Gi0/0/1,** sDLCOval01 **
rAWCOval01,10.59.255.64,Gi0/1/0,Connected to ETB modem
rAWCOval01,10.59.255.64,Gi0/1/0.163,MPLS_02 ETB CID:CAV30164766 10Mbps
rAWCOval01,10.59.255.64,Lo0,** MGMT Loop0 **
rAWCOval01,10.59.255.64,Po1,** to sDLCOval01 **
rAWCOval01,10.59.255.64,Po1.100,** DATA VLAN 100 **
rAWCOval01,10.59.255.64,Po1.201,** Infra VLAN 201 **
rAWCOval01,10.59.255.64,Po1.203,** Infra VLAN 203 **
rAWCOval01,10.59.255.64,Po1.308,** Infra VLAN 308 **
rAWCOval01,10.59.255.64,Po1.312,** Infra VLAN 312 **
rAWCOval01,10.59.255.64,Po1.324,** Infra VLAN 324 **
rAWCOval01,10.59.255.64,Po1.398,** Infra VLAN 398 **
rAWCOtol01,10.59.255.45,Gi0/0/0,** sDLCOtol01 **
rAWCObot01,10.58.255.54,Gi0/0,"Connected to sDLCObot01, gig1/0/1"
rAWCObot01,10.58.255.54,Gi0/0.201,"Connected to sDLCObot01, gig1/0/1, VLAN201_Infra"
rAWCObot01,10.58.255.54,Gi0/1,ro=wan|ty=mpls|ca=verizon|lm=NA|cid=C3013641|bw=30|bwu=30|vl=NA
rAWCObot01,10.58.255.54,Fa0/0/0,
rAWCObot01,10.58.255.54,Fa0/3/0,"Connected to sDLCObot01, Fa1/0/4"
rAWCObot01,10.58.255.54,Fa0/3/0.203,"Connected to sDLCObot01, Fa1/0/4, VLAN203_Infra"
rAWCObot01,10.58.255.54,As0/2/0,
rAWCObot01,10.58.255.54,Di69,Dial Backup From Bogota Site #969
rAWCObot01,10.58.255.54,Lo0,
rAWCObot01,10.58.255.54,Tu0,
rAWCObot01,10.58.255.54,Tu1,GRE Tunnel for Multicast Traffic
rAWCObot01,10.58.255.54,Tu2,
rAWCObot01,10.58.255.54,Tu3,
rAWCObur01,10.59.255.24,Gi0/0/0,** sDLCObur01 **
rAWCObur01,10.59.255.24,Gi0/0/1,** sDLCObur01 **
rAWCObur01,10.59.255.24,Gi0/1/0,Connected to ETB modem
rAWCObur01,10.59.255.24,Gi0/1/0.101,MPLS_02 ETB CID:CAV30327775 10Mbps
rAWCObur01,10.59.255.24,Lo0,** MGMT Loop0 **
rAWCObur01,10.59.255.24,Po1,** to sDLCObur01 **
rAWCObur01,10.59.255.24,Po1.100,** DATA VLAN 100 **
rAWCObur01,10.59.255.24,Po1.201,** Infra VLAN 201 **
rAWCObur01,10.59.255.24,Po1.203,** Infra VLAN 203 **
rAWCObur01,10.59.255.24,Po1.308,** Infra VLAN 308 **
rAWCObur01,10.59.255.24,Po1.312,** Infra VLAN 312 **
rAWCObur01,10.59.255.24,Po1.324,** Infra VLAN 324 **
rAWCObur01,10.59.255.24,Po1.398,** Infra VLAN 398 **
rAWCObot99,10.58.255.74,Gi0/0,"Connected to sDLCObot01, Fa1/0/3"
rAWCObot99,10.58.255.74,Gi0/0.74,"to sDLCOboa01, voice"
rAWCObot99,10.58.255.74,Gi0/0.201,"Connected to sDLCObot01, Fa1/0/3, VLAN201_Infra"
rAWCObot99,10.58.255.74,Gi0/1,"Connected to sDLCObot01, Gi3/0/5"
rAWCObot99,10.58.255.74,Gi0/1.203,"Connected to sDLCObot01, Gi3/0/5, VLAN203_Infra"
rAWCObot99,10.58.255.74,Fa0/2/0,ETB SIP IPT00CI1090161
rAWCObot99,10.58.255.74,Fa0/3/0,"DIA, vlan0, L2, Punto Net, CID:1605166, 50Mb, phone:1700786866, email: tbd"
rAWCObot99,10.58.255.74,Fa0/3/0.201,"DIA, vlan 201, L3, Punto Net, CID:1605166, 50Mb, phone:1700786866, email: tbd"
rAWCObot99,10.58.255.74,Lo0,
rAWCObot99,10.58.255.74,Lo1,
rAWCObot99,10.58.255.74,Lo5,GRE loopback to Chicago
rAWCObot99,10.58.255.74,Tu0,GRE Tunnel to Boulder
rAWCObot99,10.58.255.74,Tu1,
rAWCObot99,10.58.255.74,Tu2,
rAWCObot99,10.58.255.74,Tu3,
rAWCObot99,10.58.255.74,Tu101,To Zscaler Miami II mia2-vpn.zscloud.net-909916
rAWCObot99,10.58.255.74,Tu201,To Zscaler Atlanta II atl2-vpn.zscloud.net-909916
rAWCObot99,10.58.255.74,Tu99937437,GRE Tunnel to Chicago rIWUSchi06
rAWCOvia01,10.59.255.11,Gi0/0/0,** sDLCOvia01 **
rAWCOvia01,10.59.255.11,Gi0/0/1,** sDLCOvia01 **
rAWCOvia01,10.59.255.11,Gi0/1/0,Connected to ETB modem
rAWCOvia01,10.59.255.11,Gi0/1/0.101,MPLS_02 ETB CID:CAV30214909 10Mbps
rAWCOvia01,10.59.255.11,Lo0,** MGMT Loop0 **
rAWCObon01,10.59.255.67,Gi0/0/0,** sDLCObon01 **
rAWCOvia01,10.59.255.11,Po1.100,** DATA VLAN 100 **
rAWCObon01,10.59.255.67,Gi0/0/1,** sDLCObon01 **
rAWCOvia01,10.59.255.11,Po1.201,** Infra VLAN 201 **
rAWCObon01,10.59.255.67,Gi0/1/0,Connected to ETB modem
rAWCOvia01,10.59.255.11,Po1.203,** Infra VLAN 203 **
rAWCObon01,10.59.255.67,Gi0/1/0.101,MPLS_02 ETB CID:CAV30354405 10Mbps
rAWCObon01,10.59.255.67,Lo0,** MGMT Loop0 **
308 **
rAWCObon01,10.59.255.67,Po1,** sALCObon01 **
rAWCObon01,10.59.255.67,Po1.100,** DATA VLAN 100 **
rAWCOvia01,10.59.255.11,Po1.312,** Infra VLAN 312 **
rAWCObon01,10.59.255.67,Po1.203,** Infra VLAN 203 **
rAWCObon01,10.59.255.67,Po1.308,** Infra VLAN 308 **
rAWCObon01,10.59.255.67,Po1.312,** Infra VLAN 312 **
rAWCObon01,10.59.255.67,Po1.324,** Infra VLAN 324 **
rAWCObon01,10.59.255.67,Po1.398,** Infra VLAN 398 **
rAWCOmel01,10.58.255.42,Gi0/0,Connection to sALCOmed01 Gi1/0/1
rAWCOmel01,10.58.255.42,Gi0/0.100,Data Vlan 100
rAWCOmel01,10.58.255.42,Gi0/0.101,Voice Vlan 101
rAWCOmel01,10.58.255.42,Gi0/0.300,WLAN BaxOffice
rAWCOmel01,10.58.255.42,Gi0/0.308,APs WLAN
rAWCOmel01,10.58.255.42,Gi0/0.324,connection to Bax Mobility
rAWCOmel01,10.58.255.42,Gi0/0.398,WLC Management
rAWCOmel01,10.58.255.42,Gi0/1,Connection to sALCOmed01
rAWCOmel01,10.58.255.42,Gi0/1.40,"Connection to sALCOmed01 , VLAN 40"
rAWCOmel01,10.58.255.42,Gi0/1.146,MPLS_02 ETB CID:CAV30439323 10Mbps
rAWCOmel01,10.58.255.42,Fa0/1/0,
rAWCOmel01,10.58.255.42,As0/2/0,
rAWCOmel01,10.58.255.42,Lo0,
